-- phpMyAdmin SQL Dump
-- version 5.1.0
-- https://www.phpmyadmin.net/
--
-- Хост: 127.0.0.1:3306
-- Время создания: Ноя 05 2021 г., 04:14
-- Версия сервера: 5.7.33
-- Версия PHP: 7.3.29

SET SQL_MODE = "NO_AUTO_VALUE_ON_ZERO";
START TRANSACTION;
SET time_zone = "+00:00";


/*!40101 SET @OLD_CHARACTER_SET_CLIENT=@@CHARACTER_SET_CLIENT */;
/*!40101 SET @OLD_CHARACTER_SET_RESULTS=@@CHARACTER_SET_RESULTS */;
/*!40101 SET @OLD_COLLATION_CONNECTION=@@COLLATION_CONNECTION */;
/*!40101 SET NAMES utf8mb4 */;

--
-- База данных: `copybro`
--

-- --------------------------------------------------------

--
-- Структура таблицы `instruments`
--

CREATE TABLE `instruments` (
  `instrument_id` bigint(19) UNSIGNED NOT NULL,
  `exchange` varchar(50) NOT NULL DEFAULT '',
  `symbol` varchar(10) NOT NULL DEFAULT '',
  `title` varchar(255) NOT NULL DEFAULT '',
  `description` text,
  `risk_level` tinyint(1) UNSIGNED NOT NULL DEFAULT '0',
  `amount` int(11) UNSIGNED NOT NULL DEFAULT '0',
  `change_1y_amount` float(11,2) NOT NULL DEFAULT '0.00',
  `change_1y_percent` float(11,2) NOT NULL DEFAULT '0.00',
  `change_5y_amount` float(11,2) NOT NULL DEFAULT '0.00',
  `change_5y_percent` float(11,2) NOT NULL DEFAULT '0.00',
  `hidden` tinyint(1) UNSIGNED NOT NULL DEFAULT '0',
  `created` int(11) UNSIGNED NOT NULL DEFAULT '0',
  `updated` int(11) UNSIGNED NOT NULL DEFAULT '0'
) ENGINE=InnoDB DEFAULT CHARSET=utf8mb4;

--
-- Дамп данных таблицы `instruments`
--

INSERT INTO `instruments` (`instrument_id`, `exchange`, `symbol`, `title`, `description`, `risk_level`, `amount`, `change_1y_amount`, `change_1y_percent`, `change_5y_amount`, `change_5y_percent`, `hidden`, `created`, `updated`) VALUES
(1, 'BATS', 'USHY', 'iShares Broad USD High Yield Corporate Bond ETF', 'Tracks a market value-weighted index of USD-denominated high yield corporate debt with broad maturities.', 1, 4128, 9.50, 0.23, 9.50, 0.23, 0, 0, 0),
(2, 'BATS', 'IYLD', 'iShares Morningstar Multi-Asset Income ETF', 'Tracks an index of fixed-income, equity, preferred stock and REIT ETFs with a focus on income production.', 1, 2405, -10.00, -0.41, -10.00, -0.41, 0, 0, 0),
(3, 'ARCA', 'PFFD', 'Global X U.S. Preferred ETF', 'Tracks a market-value-weighted index of US preferred stocks, selected and weighted by market value.', 1, 2559, -39.50, -1.52, -39.50, -1.52, 0, 0, 0),
(4, 'BATS', 'IEHS', 'iShares Evolved US Healthcare Staples ETF', 'Tracks an index that offers US healthcare exposure as defined by the iETF Evolved Sector classification scheme.', 1, 4458, 201.50, 4.73, 201.50, 4.73, 0, 0, 0),
(5, 'ARCA', 'QQQE', 'Direxion NASDAQ-100 Equal Weighted Index Shares', 'Tracks an equal-weighted version of the NASDAQ 100.', 1, 8988, 469.50, 5.51, 469.50, 5.51, 0, 0, 0),
(6, 'ARCA', 'VTI', 'Vanguard Total Stock Market ETF', 'Tracks a cap-weighted index that measures the investable US equities market, encompassing the entire market-cap spectrum.', 1, 24200, 1136.50, 4.93, 1136.50, 4.93, 0, 0, 0),
(7, 'ARCA', 'LQD', 'iShares iBoxx $ Investment Grade Corporate Bond ETF', 'Tracks a market-weighted index of US corporate investment-grade bonds across the maturity spectrum.', 1, 13301, -138.50, -1.03, -138.50, -1.03, 0, 0, 0),
(8, 'ARCA', 'IDNA', 'iShares Genomics Immunology and Healthcare ETF', 'Tracks a market-cap-selected and -weighted index of global stocks involved in genomics, immunology, and bioengineering.', 1, 5074, -180.00, -3.43, -180.00, -3.43, 0, 0, 0),
(9, 'ARCA', 'KRE', 'SPDR S&P Regional Banking ETF', 'SPDR S&P Regional Banking ETF tracks an equal-weighted index of US regional banking stocks.', 1, 7487, 731.50, 10.83, 731.50, 10.83, 0, 0, 0),
(10, 'BATS', 'REM', 'iShares Mortgage Real Estate ETF', 'Tracks a market-cap-weighted index of residential and commercial mortgage REITs', 2, 3798, 142.50, 3.90, 142.50, 3.90, 0, 0, 0),
(11, 'NASDAQ', 'BOTZ', 'Global X Robotics & Artificial Intelligence Thematic', 'Provides market- cap selected and weighted exposure to companies involved in the development and production of robots or artificial intelligence.', 2, 4000, 518.00, 14.88, 518.00, 14.88, 0, 0, 0),
(12, 'NASDAQ', 'SRET', 'Global X SuperDividend REIT ETF', 'Tracks an equal-weighted index of global REITs, choosing 30 high-yield, low-volatility companies.', 2, 987, -1.00, -0.10, -1.00, -0.10, 0, 0, 0),
(13, 'NASDAQ', 'DVY', 'iShares Select Dividend ETF', 'Tracks a dividend-weighted index of US companies. The index selects roughly 100 stocks based on dividend yield from a broad market-cap universe.', 2, 12025, 376.00, 3.23, 376.00, 3.23, 0, 0, 0),
(14, 'ARCA', 'JHMC', 'John Hancock Multifactor Consumer Discretionary ETF', 'Tracks an index of US consumer discretionary stocks, weighted for exposure to four factors: small size, low relative price, high profitability and high momentum.', 2, 5802, 449.50, 8.40, 449.50, 8.40, 0, 0, 0),
(15, 'ARCA', 'GII', 'SPDR S&P Global Infrastructure ETF', 'SPDR S&P Global Infrastructure ETF tracks a market-cap-weighted index of 75 infrastructure companies from developed and emerging markets engaged in the energy, transportation, or utility sectors.', 2, 5531, 217.00, 4.08, 217.00, 4.08, 0, 0, 0),
(16, 'BATS', 'IEFA', 'iShares Core MSCI EAFE ETF', 'Tracks a market-cap-weighted index of developed-market stocks in Europe, Australasia and the Far East, and excludes North America. It covers about 98% of investable markets.', 2, 7755, 76.50, 1.00, 76.50, 1.00, 0, 0, 0),
(17, 'ARCA', 'XSVM', 'Invesco S&P SmallCap Value with Momentum ETF', 'Tracks a value score-weighted index of US small-cap stocks selected by a combination of value and momentum screens.', 2, 5583, 464.00, 9.06, 464.00, 9.06, 0, 0, 0),
(18, 'ARCA', 'VOO', 'Vanguard S&P 500 ETF', 'Tracks a market-cap-weighted index of US large- and midcap stocks selected by the S&P Committee.', 2, 42759, 1973.00, 4.84, 1973.00, 4.84, 0, 0, 0),
(19, 'NASDAQ', 'VXUS', 'Vanguard Total International Stock ETF', 'Tracks a market-cap-weighted index of global stocks covering 99% of the world\'s global market capitalization outside the US.', 3, 6657, -100.50, -1.49, -100.50, -1.49, 0, 0, 0),
(20, 'ARCA', 'VSS', 'Vanguard FTSE All-Wld ex-US SmCp Idx ETF', 'Tracks a market-cap-weighted index of global non-US small-cap stocks.', 3, 13938, 92.00, 0.66, 92.00, 0.66, 0, 0, 0),
(21, 'ARCA', 'XSVM', 'Invesco S&P SmallCap Value with Momentum ETF', 'Tracks a value score-weighted index of US small-cap stocks selected by a combination of value and momentum screens.', 3, 5583, 464.00, 9.06, 464.00, 9.06, 0, 0, 0),
(22, 'ARCA', 'VWO', 'Vanguard FTSE Emerging Markets ETF', 'Tracks a market-cap-weighted index of emerging-market stocks, excluding South Korea.', 3, 5107, -69.00, -1.33, -69.00, -1.33, 0, 0, 0),
(23, 'NASDAQ', 'FKU', 'First Trust United Kingdom AlphaDEX Fund', 'First Trust United Kingdom AlphaDEX Fund/ FKU tracks a tiered equal-weighted index of 75 companies selected based on NASDAQ’s AlphaDEX selection methodology.', 3, 4305, -208.00, -4.61, -208.00, -4.61, 0, 0, 0),
(24, 'ARCA', 'EEM', 'iShares MSCI Emerging Index Fund', 'Tracks an index of emerging-market firms weighted by market cap.', 3, 5073, -123.50, -2.38, -123.50, -2.38, 0, 0, 0),
(25, 'ARCA', 'ARKK', 'ARK Innovation', 'Is an actively managed fund that seeks long-term capital growth from companies globally involved with, or that benefit from, disruptive innovation.', 3, 12454, 379.00, 3.14, 379.00, 3.14, 0, 0, 0),
(26, 'NASDAQ', 'BIB', 'ProShares Ultra Nasdaq Biotechnology', 'Provides 2x daily exposure to a modified market-cap-weighted index of biotechnology and pharmaceutical companies listed on NASDAQ.', 3, 9878, -397.00, -3.86, -397.00, -3.86, 0, 0, 0),
(27, 'ARCA', 'BETZ', 'Roundhill Sports Betting & iGaming ETF', 'Tracks a tier-weighted index of global companies selected by committee that are involved in the sports betting & iGaming industry.', 3, 3058, 163.50, 5.65, 163.50, 5.65, 0, 0, 0);

-- --------------------------------------------------------

--
-- Структура таблицы `instrument_charts`
--

CREATE TABLE `instrument_charts` (
  `id` bigint(19) UNSIGNED NOT NULL,
  `instrument_id` bigint(19) UNSIGNED NOT NULL DEFAULT '0',
  `open` float(11,3) NOT NULL DEFAULT '0.000',
  `low` float(11,3) NOT NULL DEFAULT '0.000',
  `close` float(11,3) NOT NULL DEFAULT '0.000',
  `high` float(11,3) NOT NULL DEFAULT '0.000',
  `created` int(11) UNSIGNED NOT NULL DEFAULT '0'
) ENGINE=InnoDB DEFAULT CHARSET=utf8mb4;

--
-- Дамп данных таблицы `instrument_charts`
--

INSERT INTO `instrument_charts` (`id`, `instrument_id`, `open`, `low`, `close`, `high`, `created`) VALUES
(1, 1, 41.090, 41.020, 41.205, 41.205, 1635724800),
(2, 1, 41.175, 41.175, 41.175, 41.325, 1635465600),
(3, 1, 41.175, 41.175, 41.175, 41.335, 1635379200),
(4, 1, 41.305, 41.130, 41.130, 41.315, 1635292800),
(5, 1, 41.340, 41.265, 41.415, 41.415, 1635206400),
(6, 1, 41.240, 41.155, 41.350, 41.355, 1635120000),
(7, 1, 41.255, 41.155, 41.255, 41.355, 1634860800),
(8, 1, 41.255, 41.235, 41.255, 41.375, 1634774400),
(9, 1, 41.250, 41.125, 41.335, 41.370, 1634688000),
(10, 1, 41.110, 40.985, 41.255, 41.345, 1634601600),
(11, 1, 41.415, 41.060, 41.395, 41.425, 1634515200),
(12, 1, 41.360, 41.315, 41.415, 41.420, 1634256000),
(13, 1, 41.250, 41.250, 41.400, 41.400, 1634169600),
(14, 1, 41.255, 41.055, 41.175, 41.430, 1634083200),
(15, 1, 41.045, 41.040, 41.305, 41.305, 1633996800),
(16, 1, 41.270, 40.945, 40.960, 41.360, 1633910400),
(17, 1, 41.270, 41.095, 41.270, 41.270, 1633651200),
(18, 1, 41.270, 41.170, 41.270, 41.355, 1633564800),
(19, 1, 41.270, 41.115, 41.235, 41.295, 1633478400),
(20, 1, 41.270, 41.165, 41.380, 41.380, 1633392000),
(21, 1, 41.195, 41.195, 41.240, 41.405, 1633305600),
(22, 1, 41.430, 41.215, 41.215, 41.435, 1633046400),
(23, 1, 41.565, 41.430, 41.450, 41.575, 1632960000),
(24, 1, 41.510, 41.455, 41.760, 41.760, 1632873600),
(25, 1, 41.785, 41.285, 41.285, 41.785, 1632787200),
(26, 1, 41.740, 41.550, 41.790, 41.790, 1632700800),
(27, 1, 41.615, 41.615, 41.685, 41.715, 1632441600),
(28, 1, 41.725, 41.535, 41.535, 41.775, 1632355200),
(29, 1, 41.555, 41.430, 41.660, 41.775, 1632268800),
(30, 1, 41.675, 41.495, 41.495, 41.685, 1632182400),
(31, 1, 41.540, 41.440, 41.540, 41.645, 1632096000),
(32, 1, 41.835, 41.725, 41.750, 41.850, 1631836800),
(33, 1, 41.770, 41.705, 41.725, 41.795, 1631750400),
(34, 1, 41.700, 41.695, 41.720, 41.795, 1631664000),
(35, 1, 41.750, 41.645, 41.645, 41.750, 1631577600),
(36, 1, 41.620, 41.600, 41.750, 41.825, 1631491200),
(37, 1, 41.235, 41.185, 41.805, 41.805, 1631232000),
(38, 1, 41.565, 41.550, 41.550, 41.665, 1631145600),
(39, 1, 41.515, 41.445, 41.800, 41.800, 1631059200),
(40, 1, 41.550, 41.550, 41.590, 41.785, 1630972800),
(41, 1, 41.710, 41.570, 41.820, 41.820, 1630627200),
(42, 1, 41.665, 41.550, 41.670, 41.720, 1630540800),
(43, 1, 41.530, 41.530, 41.600, 41.605, 1630454400),
(44, 1, 41.825, 41.640, 41.735, 41.950, 1630368000),
(45, 1, 41.580, 41.575, 41.845, 41.845, 1630281600),
(46, 1, 41.745, 41.515, 41.745, 41.815, 1630022400),
(47, 1, 41.520, 41.475, 41.485, 41.570, 1629936000),
(48, 1, 41.505, 41.495, 41.750, 41.765, 1629849600),
(49, 1, 41.390, 41.390, 41.730, 41.735, 1629763200),
(50, 1, 41.360, 41.360, 41.410, 41.475, 1629676800),
(51, 1, 41.190, 41.185, 41.310, 41.355, 1629417600),
(52, 1, 41.160, 41.150, 41.240, 41.295, 1629331200),
(53, 1, 41.250, 41.250, 41.265, 41.385, 1629244800),
(54, 1, 41.695, 41.305, 41.330, 41.695, 1629158400),
(55, 1, 41.405, 41.365, 41.695, 41.695, 1629072000),
(56, 1, 41.455, 41.355, 41.425, 41.455, 1628812800),
(57, 1, 41.180, 41.180, 41.305, 41.325, 1628726400),
(58, 1, 41.190, 41.185, 41.290, 41.305, 1628640000),
(59, 1, 41.465, 41.180, 41.180, 41.465, 1628553600),
(60, 1, 41.500, 41.290, 41.465, 41.500, 1628467200),
(61, 16, 76.940, 76.805, 77.235, 77.255, 1635724800),
(62, 16, 76.280, 76.205, 76.500, 76.545, 1635465600),
(63, 16, 76.495, 76.485, 76.930, 77.005, 1635379200),
(64, 16, 76.485, 75.940, 76.220, 76.625, 1635292800),
(65, 16, 76.670, 76.315, 76.475, 76.810, 1635206400),
(66, 16, 76.195, 76.095, 76.325, 76.475, 1635120000),
(67, 16, 76.410, 76.175, 76.450, 76.655, 1634860800),
(68, 16, 75.940, 75.700, 76.075, 76.205, 1634774400),
(69, 16, 76.195, 76.125, 76.390, 76.525, 1634688000),
(70, 16, 76.100, 76.005, 76.190, 76.430, 1634601600),
(71, 16, 75.390, 75.355, 75.860, 75.860, 1634515200),
(72, 16, 75.720, 75.680, 76.450, 76.450, 1634256000),
(73, 16, 75.500, 75.125, 75.415, 75.635, 1634169600),
(74, 16, 74.090, 74.040, 74.635, 74.735, 1634083200),
(75, 16, 74.025, 73.655, 73.660, 74.135, 1633996800),
(76, 16, 74.135, 73.775, 73.865, 74.455, 1633910400),
(77, 16, 74.280, 73.935, 74.090, 74.325, 1633651200),
(78, 16, 74.125, 73.880, 74.115, 74.395, 1633564800),
(79, 16, 72.820, 72.625, 73.795, 73.800, 1633478400),
(80, 16, 73.720, 73.635, 74.095, 74.315, 1633392000),
(81, 16, 74.135, 73.315, 73.620, 74.235, 1633305600),
(82, 16, 74.560, 73.735, 74.420, 74.585, 1633046400),
(83, 16, 74.855, 74.015, 74.105, 74.855, 1632960000),
(84, 16, 74.890, 74.245, 74.445, 74.905, 1632873600),
(85, 16, 75.440, 74.445, 74.550, 75.440, 1632787200),
(86, 16, 76.425, 76.145, 76.350, 76.485, 1632700800),
(87, 16, 76.335, 76.315, 76.490, 76.655, 1632441600),
(88, 16, 76.930, 76.865, 77.190, 77.355, 1632355200),
(89, 16, 76.355, 76.135, 76.380, 76.945, 1632268800),
(90, 16, 76.180, 75.865, 76.085, 76.365, 1632182400),
(91, 16, 75.495, 74.625, 75.230, 75.495, 1632096000),
(92, 16, 77.530, 76.435, 76.740, 77.535, 1631836800),
(93, 16, 77.440, 77.245, 77.620, 77.695, 1631750400),
(94, 16, 77.610, 77.335, 77.910, 77.910, 1631664000),
(95, 16, 78.125, 77.525, 77.615, 78.185, 1631577600),
(96, 16, 78.025, 77.655, 77.890, 78.085, 1631491200),
(97, 16, 78.065, 77.260, 77.265, 78.095, 1631232000),
(98, 16, 77.920, 77.395, 77.470, 77.920, 1631145600),
(99, 16, 77.875, 77.300, 77.560, 78.025, 1631059200),
(100, 16, 78.635, 78.110, 78.115, 78.645, 1630972800),
(101, 16, 78.015, 77.835, 78.200, 78.295, 1630627200),
(102, 16, 77.955, 77.615, 77.615, 77.995, 1630540800),
(103, 16, 77.575, 77.325, 77.445, 77.675, 1630454400),
(104, 16, 76.920, 76.645, 76.785, 76.985, 1630368000),
(105, 16, 76.850, 76.705, 76.825, 76.915, 1630281600),
(106, 16, 76.470, 76.075, 76.775, 76.865, 1630022400),
(107, 16, 76.455, 75.965, 76.060, 76.455, 1629936000),
(108, 16, 76.325, 76.225, 76.470, 76.525, 1629849600),
(109, 16, 76.525, 76.115, 76.415, 76.530, 1629763200),
(110, 16, 76.065, 75.865, 76.145, 76.255, 1629676800),
(111, 16, 75.245, 74.875, 75.460, 75.485, 1629417600),
(112, 16, 74.960, 74.915, 75.185, 75.375, 1629331200),
(113, 16, 76.220, 75.730, 75.850, 76.485, 1629244800),
(114, 16, 76.485, 75.795, 76.165, 76.485, 1629158400),
(115, 16, 76.855, 76.475, 76.685, 76.925, 1629072000),
(116, 16, 77.130, 77.055, 77.505, 77.505, 1628812800),
(117, 16, 76.785, 76.615, 76.865, 76.895, 1628726400),
(118, 16, 76.545, 76.535, 76.925, 76.985, 1628640000),
(119, 16, 76.280, 76.215, 76.390, 76.445, 1628553600),
(120, 16, 76.275, 76.135, 76.220, 76.405, 1628467200),
(121, 10, 37.780, 37.600, 37.920, 38.155, 1635724800),
(122, 10, 37.645, 37.355, 37.540, 37.645, 1635465600),
(123, 10, 37.690, 37.275, 37.480, 37.710, 1635379200),
(124, 10, 37.915, 37.545, 37.605, 37.945, 1635292800),
(125, 10, 38.195, 37.850, 37.855, 38.195, 1635206400),
(126, 10, 38.165, 37.955, 38.220, 38.235, 1635120000),
(127, 10, 38.270, 37.825, 37.975, 38.270, 1634860800),
(128, 10, 37.960, 37.885, 38.025, 38.245, 1634774400),
(129, 10, 37.705, 37.660, 37.905, 38.165, 1634688000),
(130, 10, 37.690, 37.425, 37.790, 37.810, 1634601600),
(131, 10, 37.430, 37.295, 37.595, 37.655, 1634515200),
(132, 10, 37.715, 37.480, 37.710, 37.995, 1634256000),
(133, 10, 37.255, 37.255, 37.430, 37.775, 1634169600),
(134, 10, 37.370, 37.085, 37.255, 37.495, 1634083200),
(135, 10, 37.060, 36.960, 37.335, 37.445, 1633996800),
(136, 10, 36.955, 36.935, 36.945, 37.275, 1633910400),
(137, 10, 37.005, 36.835, 36.865, 37.145, 1633651200),
(138, 10, 36.870, 36.815, 36.835, 37.195, 1633564800),
(139, 10, 36.640, 36.225, 36.690, 36.790, 1633478400),
(140, 10, 36.495, 36.495, 36.865, 36.975, 1633392000),
(141, 10, 37.250, 36.605, 36.675, 37.250, 1633305600),
(142, 10, 36.255, 36.155, 36.725, 36.865, 1633046400),
(143, 10, 36.570, 36.165, 36.285, 36.735, 1632960000),
(144, 10, 36.975, 36.330, 36.535, 36.975, 1632873600),
(145, 10, 37.105, 36.195, 36.675, 37.105, 1632787200),
(146, 10, 36.765, 36.760, 37.005, 37.285, 1632700800),
(147, 10, 36.805, 36.675, 36.685, 36.905, 1632441600),
(148, 10, 36.935, 36.920, 36.990, 37.185, 1632355200),
(149, 10, 36.505, 36.465, 36.770, 37.085, 1632268800),
(150, 10, 36.320, 36.270, 36.275, 36.615, 1632182400),
(151, 10, 35.920, 35.805, 36.205, 36.295, 1632096000),
(152, 10, 36.520, 36.390, 36.390, 36.665, 1631836800),
(153, 10, 36.535, 36.415, 36.500, 36.685, 1631750400),
(154, 10, 36.310, 36.215, 36.515, 36.555, 1631664000),
(155, 10, 36.570, 36.225, 36.290, 36.620, 1631577600),
(156, 10, 36.220, 36.030, 36.650, 36.660, 1631491200),
(157, 10, 36.615, 36.000, 36.000, 36.620, 1631232000),
(158, 10, 36.520, 36.280, 36.555, 36.805, 1631145600),
(159, 10, 36.700, 36.275, 36.405, 36.805, 1631059200),
(160, 10, 37.230, 36.450, 36.620, 37.230, 1630972800),
(161, 10, 37.185, 36.885, 37.045, 37.300, 1630627200),
(162, 10, 37.225, 37.135, 37.280, 37.420, 1630540800),
(163, 10, 37.255, 37.045, 37.350, 37.495, 1630454400),
(164, 10, 36.895, 36.895, 37.200, 37.385, 1630368000),
(165, 10, 37.230, 36.885, 37.000, 37.285, 1630281600),
(166, 10, 36.610, 36.600, 37.145, 37.325, 1630022400),
(167, 10, 37.060, 36.535, 36.535, 37.060, 1629936000),
(168, 10, 36.725, 36.635, 36.945, 37.165, 1629849600),
(169, 10, 36.485, 36.470, 36.745, 36.905, 1629763200),
(170, 10, 36.200, 36.180, 36.610, 36.630, 1629676800),
(171, 10, 35.375, 35.195, 35.955, 36.045, 1629417600),
(172, 10, 35.725, 35.155, 35.480, 35.815, 1629331200),
(173, 10, 36.135, 35.855, 35.965, 36.415, 1629244800),
(174, 10, 36.195, 35.885, 36.215, 36.295, 1629158400),
(175, 10, 36.775, 36.125, 36.370, 36.775, 1629072000),
(176, 10, 36.585, 36.500, 36.735, 36.735, 1628812800),
(177, 10, 36.550, 36.185, 36.515, 36.565, 1628726400),
(178, 10, 36.385, 36.050, 36.490, 36.495, 1628640000),
(179, 10, 36.070, 35.835, 36.345, 36.415, 1628553600),
(180, 10, 36.290, 35.855, 36.055, 36.300, 1628467200),
(181, 19, 66.900, 65.000, 65.800, 66.900, 1635724800),
(182, 19, 66.005, 64.865, 65.550, 66.005, 1635465600),
(183, 19, 67.085, 65.215, 65.365, 67.085, 1635379200),
(184, 19, 65.285, 65.080, 65.805, 65.880, 1635292800),
(185, 19, 65.855, 65.405, 65.805, 66.000, 1635206400),
(186, 19, 65.855, 65.275, 65.495, 65.855, 1635120000),
(187, 19, 65.855, 65.235, 65.380, 65.855, 1634860800),
(188, 19, 64.850, 64.850, 65.480, 65.600, 1634774400),
(189, 19, 64.850, 64.850, 65.535, 65.745, 1634688000),
(190, 19, 66.285, 64.500, 65.535, 66.285, 1634601600),
(191, 19, 64.095, 64.085, 64.840, 65.055, 1634515200),
(192, 19, 64.250, 64.250, 65.165, 65.195, 1634256000),
(193, 19, 66.000, 64.065, 64.440, 66.000, 1634169600),
(194, 19, 63.830, 63.480, 64.480, 64.480, 1634083200),
(195, 19, 62.930, 62.930, 63.940, 64.120, 1633996800),
(196, 19, 62.800, 62.800, 63.400, 64.240, 1633910400),
(197, 19, 63.330, 63.100, 63.785, 64.190, 1633651200),
(198, 19, 64.625, 63.065, 63.665, 64.625, 1633564800),
(199, 19, 61.915, 61.915, 63.000, 63.025, 1633478400),
(200, 19, 63.070, 62.815, 63.500, 63.500, 1633392000),
(201, 19, 62.735, 62.475, 62.930, 63.215, 1633305600),
(202, 19, 64.040, 63.850, 63.850, 64.040, 1633132800),
(203, 19, 62.930, 62.875, 63.850, 64.950, 1633046400),
(204, 19, 65.160, 63.125, 63.400, 65.160, 1632960000),
(205, 19, 65.295, 63.235, 64.100, 65.295, 1632873600),
(206, 19, 63.390, 63.375, 64.550, 64.750, 1632787200),
(207, 19, 65.000, 64.525, 64.775, 65.005, 1632700800),
(208, 19, 64.085, 64.085, 64.435, 64.865, 1632441600),
(209, 19, 66.575, 64.500, 65.375, 66.575, 1632355200),
(210, 19, 65.325, 64.325, 65.000, 65.490, 1632268800),
(211, 19, 65.190, 63.820, 64.325, 65.190, 1632182400),
(212, 19, 64.205, 63.085, 63.310, 65.320, 1632096000),
(213, 19, 66.280, 65.155, 65.375, 66.280, 1631836800),
(214, 19, 66.740, 65.490, 66.125, 66.740, 1631750400),
(215, 19, 65.875, 65.875, 66.345, 66.630, 1631664000),
(216, 19, 66.290, 65.630, 66.425, 66.665, 1631577600),
(217, 19, 66.075, 65.880, 66.305, 66.640, 1631491200),
(218, 19, 68.135, 65.800, 65.855, 68.340, 1631232000),
(219, 19, 67.945, 66.105, 67.960, 67.985, 1631145600),
(220, 19, 65.990, 65.990, 66.240, 67.310, 1631059200),
(221, 19, 65.875, 65.875, 67.000, 67.125, 1630972800),
(222, 19, 68.600, 66.705, 67.010, 68.600, 1630627200),
(223, 19, 65.795, 65.795, 66.625, 66.785, 1630540800),
(224, 19, 65.935, 65.435, 66.490, 66.685, 1630454400),
(225, 19, 65.530, 65.305, 65.505, 66.050, 1630368000),
(226, 19, 67.350, 65.515, 65.705, 67.350, 1630281600),
(227, 19, 66.675, 65.015, 65.790, 66.675, 1630022400),
(228, 19, 65.000, 64.845, 65.145, 65.490, 1629936000),
(229, 19, 64.690, 64.690, 64.840, 65.565, 1629849600),
(230, 19, 66.360, 64.500, 65.290, 66.360, 1629763200),
(231, 19, 65.590, 64.295, 64.375, 65.590, 1629676800),
(232, 19, 62.785, 62.785, 64.045, 64.750, 1629417600),
(233, 19, 64.000, 63.605, 64.365, 65.065, 1629331200),
(234, 19, 65.150, 64.370, 65.075, 65.350, 1629244800),
(235, 19, 65.405, 64.435, 64.825, 65.555, 1629158400),
(236, 19, 66.400, 65.225, 65.650, 66.400, 1629072000),
(237, 19, 67.575, 65.705, 66.150, 67.575, 1628812800),
(238, 19, 67.265, 65.490, 65.900, 67.520, 1628726400),
(239, 19, 67.265, 65.550, 66.170, 67.265, 1628640000),
(240, 19, 65.300, 65.300, 65.950, 65.950, 1628553600),
(241, 7, 133.930, 132.585, 134.290, 134.300, 1635724800),
(242, 7, 133.040, 132.745, 134.910, 134.910, 1635465600),
(243, 7, 133.145, 133.075, 133.075, 134.370, 1635379200),
(244, 7, 132.965, 132.910, 133.855, 134.230, 1635292800),
(245, 7, 132.345, 132.285, 132.940, 133.280, 1635206400),
(246, 7, 132.155, 131.900, 132.550, 132.900, 1635120000),
(247, 7, 135.565, 131.725, 133.550, 135.565, 1634860800),
(248, 7, 131.965, 131.665, 132.050, 132.330, 1634774400),
(249, 7, 132.290, 131.455, 132.480, 134.210, 1634688000),
(250, 7, 133.100, 132.375, 132.625, 133.250, 1634601600),
(251, 7, 133.190, 132.645, 132.650, 134.535, 1634515200),
(252, 7, 133.450, 133.005, 134.105, 134.130, 1634256000),
(253, 7, 133.545, 133.045, 133.290, 134.105, 1634169600),
(254, 7, 132.530, 131.415, 133.005, 133.105, 1634083200),
(255, 7, 131.280, 131.280, 132.430, 133.435, 1633996800),
(256, 7, 130.955, 130.880, 131.540, 132.020, 1633910400),
(257, 7, 136.100, 131.530, 131.530, 136.100, 1633651200),
(258, 7, 133.110, 132.315, 132.740, 133.380, 1633564800),
(259, 7, 132.880, 132.410, 133.045, 134.200, 1633478400),
(260, 7, 132.945, 132.550, 133.065, 134.475, 1633392000),
(261, 7, 134.190, 133.135, 133.650, 134.190, 1633305600),
(262, 7, 133.775, 133.775, 133.775, 133.775, 1633132800),
(263, 7, 132.845, 132.685, 133.825, 133.935, 1633046400),
(264, 7, 133.460, 132.890, 133.560, 134.070, 1632960000),
(265, 7, 133.105, 133.105, 133.395, 134.365, 1632873600),
(266, 7, 134.135, 133.065, 133.440, 134.690, 1632787200),
(267, 7, 135.180, 134.290, 135.235, 135.235, 1632700800),
(268, 7, 135.060, 134.705, 134.840, 135.555, 1632441600),
(269, 7, 133.190, 133.190, 135.480, 136.135, 1632355200),
(270, 7, 135.760, 135.400, 135.850, 136.820, 1632268800),
(271, 7, 135.575, 134.940, 135.660, 136.015, 1632182400),
(272, 7, 135.435, 134.920, 135.995, 136.125, 1632096000),
(273, 7, 135.610, 134.910, 135.345, 135.920, 1631836800),
(274, 7, 135.740, 135.160, 135.655, 136.220, 1631750400),
(275, 7, 136.015, 135.625, 136.175, 136.175, 1631664000),
(276, 7, 135.640, 135.000, 135.690, 136.265, 1631577600),
(277, 7, 135.085, 135.085, 135.770, 135.790, 1631491200),
(278, 7, 135.050, 134.860, 134.870, 135.605, 1631232000),
(279, 7, 134.860, 134.620, 135.360, 135.725, 1631145600),
(280, 7, 134.460, 134.335, 134.640, 134.875, 1631059200),
(281, 7, 135.055, 134.115, 134.540, 135.055, 1630972800),
(282, 7, 135.320, 134.755, 135.450, 135.565, 1630627200),
(283, 7, 135.585, 135.090, 135.295, 135.720, 1630540800),
(284, 7, 135.355, 134.750, 135.265, 135.655, 1630454400),
(285, 7, 139.185, 135.075, 135.075, 139.185, 1630368000),
(286, 7, 135.400, 135.225, 135.485, 135.655, 1630281600),
(287, 7, 134.850, 134.575, 135.505, 135.535, 1630022400),
(288, 7, 134.850, 134.315, 134.560, 134.910, 1629936000),
(289, 7, 134.850, 134.505, 135.070, 135.180, 1629849600),
(290, 7, 131.810, 131.810, 134.925, 135.480, 1629763200),
(291, 7, 134.360, 134.360, 135.525, 135.685, 1629676800),
(292, 7, 134.360, 134.360, 135.475, 135.475, 1629417600),
(293, 7, 134.875, 134.360, 135.045, 135.435, 1629331200),
(294, 7, 134.870, 134.595, 134.595, 135.180, 1629244800),
(295, 7, 135.190, 134.625, 135.320, 135.540, 1629158400),
(296, 7, 135.220, 134.970, 135.025, 135.655, 1629072000),
(297, 7, 134.395, 134.085, 135.285, 135.285, 1628812800),
(298, 7, 133.955, 133.620, 134.185, 135.205, 1628726400),
(299, 7, 134.110, 133.420, 133.965, 134.335, 1628640000),
(300, 7, 134.105, 132.205, 133.800, 134.380, 1628553600),
(301, 13, 119.725, 116.975, 119.175, 119.760, 1635724800),
(302, 13, 118.900, 116.890, 117.410, 120.255, 1635465600),
(303, 13, 118.900, 116.650, 119.190, 120.850, 1635379200),
(304, 13, 118.000, 116.575, 118.090, 120.065, 1635292800),
(305, 13, 118.250, 118.000, 119.895, 121.415, 1635206400),
(306, 13, 123.070, 118.955, 119.935, 123.080, 1635120000),
(307, 13, 119.870, 118.915, 119.270, 120.580, 1634860800),
(308, 13, 117.475, 117.475, 119.310, 120.395, 1634774400),
(309, 13, 116.595, 116.595, 119.350, 120.540, 1634688000),
(310, 13, 116.595, 116.595, 119.120, 119.385, 1634601600),
(311, 13, 115.420, 115.420, 118.780, 119.040, 1634515200),
(312, 13, 116.565, 116.505, 117.830, 119.655, 1634256000),
(313, 13, 120.340, 116.400, 118.715, 120.345, 1634169600),
(314, 13, 116.595, 115.380, 116.350, 118.050, 1634083200),
(315, 13, 113.730, 113.730, 117.160, 118.030, 1633996800),
(316, 13, 114.635, 114.490, 116.915, 118.400, 1633910400),
(317, 13, 116.595, 116.195, 117.900, 118.390, 1633651200),
(318, 13, 120.730, 116.455, 117.630, 120.730, 1633564800),
(319, 13, 113.980, 113.980, 117.180, 117.420, 1633478400),
(320, 13, 117.085, 115.995, 117.025, 117.935, 1633392000),
(321, 13, 113.190, 113.190, 116.795, 117.980, 1633305600),
(322, 13, 117.160, 116.785, 117.160, 117.160, 1633132800),
(323, 13, 111.625, 111.625, 117.160, 117.820, 1633046400),
(324, 13, 120.275, 112.880, 114.030, 120.275, 1632960000),
(325, 13, 119.645, 113.980, 116.735, 119.645, 1632873600),
(326, 13, 114.060, 114.060, 115.790, 117.885, 1632787200),
(327, 13, 118.425, 114.815, 117.240, 119.350, 1632700800),
(328, 13, 113.510, 113.245, 117.125, 117.415, 1632441600),
(329, 13, 118.705, 115.490, 117.260, 118.705, 1632355200),
(330, 13, 117.035, 113.965, 115.875, 117.150, 1632268800),
(331, 13, 117.500, 113.275, 114.010, 117.500, 1632182400),
(332, 13, 113.005, 113.000, 113.275, 117.435, 1632096000),
(333, 13, 119.145, 114.950, 115.835, 119.265, 1631836800),
(334, 13, 117.525, 116.840, 116.870, 118.400, 1631750400),
(335, 13, 117.805, 115.165, 118.585, 118.835, 1631664000),
(336, 13, 117.850, 116.385, 116.575, 118.405, 1631577600),
(337, 13, 120.180, 115.040, 117.630, 120.185, 1631491200),
(338, 13, 120.650, 116.065, 116.990, 120.650, 1631232000),
(339, 13, 115.065, 114.990, 116.865, 120.650, 1631145600),
(340, 13, 115.055, 114.990, 117.650, 120.650, 1631059200),
(341, 13, 120.650, 116.385, 117.590, 120.650, 1630972800),
(342, 13, 121.525, 118.520, 118.575, 121.525, 1630627200),
(343, 13, 117.250, 117.185, 119.150, 120.280, 1630540800),
(344, 13, 122.060, 117.250, 119.410, 122.060, 1630454400),
(345, 13, 121.745, 115.610, 118.745, 121.745, 1630368000),
(346, 13, 122.235, 117.250, 118.625, 122.350, 1630281600),
(347, 13, 121.170, 116.660, 119.385, 121.170, 1630022400),
(348, 13, 117.000, 117.000, 117.765, 119.880, 1629936000),
(349, 13, 118.605, 117.435, 118.695, 119.955, 1629849600),
(350, 13, 121.190, 116.930, 117.315, 121.310, 1629763200),
(351, 13, 118.825, 116.725, 118.225, 119.545, 1629676800),
(352, 13, 113.420, 113.420, 117.520, 119.265, 1629417600),
(353, 13, 116.875, 113.210, 116.500, 119.540, 1629331200),
(354, 13, 117.700, 115.325, 117.210, 119.685, 1629244800),
(355, 13, 116.180, 116.180, 118.770, 119.380, 1629158400),
(356, 13, 116.520, 116.300, 118.860, 119.990, 1629072000),
(357, 13, 116.490, 116.490, 118.600, 119.990, 1628812800),
(358, 13, 121.335, 118.315, 118.600, 121.335, 1628726400),
(359, 13, 117.705, 116.700, 119.370, 119.560, 1628640000),
(360, 13, 117.505, 116.935, 118.155, 118.790, 1628553600),
(361, 18, 422.930, 421.275, 422.890, 424.210, 1635724800),
(362, 18, 418.305, 418.220, 422.410, 423.010, 1635465600),
(363, 18, 418.145, 417.645, 420.160, 421.545, 1635379200),
(364, 18, 419.980, 417.290, 418.165, 420.300, 1635292800),
(365, 18, 420.225, 418.830, 419.785, 421.530, 1635206400),
(366, 18, 416.875, 415.920, 419.265, 419.400, 1635120000),
(367, 18, 416.700, 414.700, 416.100, 417.995, 1634860800),
(368, 18, 415.005, 414.520, 416.065, 417.245, 1634774400),
(369, 18, 414.025, 413.910, 415.315, 416.235, 1634688000),
(370, 18, 411.950, 411.880, 414.775, 414.865, 1634601600),
(371, 18, 408.585, 407.505, 411.205, 411.510, 1634515200),
(372, 18, 407.910, 407.640, 410.000, 410.485, 1634256000),
(373, 18, 402.275, 402.275, 407.485, 407.615, 1634169600),
(374, 18, 399.130, 396.740, 400.640, 400.855, 1634083200),
(375, 18, 398.150, 397.225, 397.645, 400.930, 1633996800),
(376, 18, 401.120, 398.800, 399.135, 404.740, 1633910400),
(377, 18, 403.320, 401.940, 401.995, 404.825, 1633651200),
(378, 18, 402.220, 401.690, 403.915, 406.055, 1633564800),
(379, 18, 394.240, 392.515, 400.875, 401.470, 1633478400),
(380, 18, 393.945, 393.700, 397.400, 400.350, 1633392000),
(381, 18, 397.235, 391.965, 394.335, 398.940, 1633305600),
(382, 18, 392.680, 391.700, 399.555, 400.855, 1633046400),
(383, 18, 402.370, 394.375, 395.190, 402.730, 1632960000),
(384, 18, 401.680, 398.880, 400.555, 401.925, 1632873600),
(385, 18, 405.805, 399.335, 400.720, 406.180, 1632787200),
(386, 18, 410.930, 407.615, 408.090, 411.165, 1632700800),
(387, 18, 407.300, 406.335, 410.700, 410.705, 1632441600),
(388, 18, 406.555, 404.890, 409.140, 410.330, 1632355200),
(389, 18, 401.250, 401.180, 404.320, 405.840, 1632268800),
(390, 18, 404.370, 398.785, 399.160, 404.880, 1632182400),
(391, 18, 402.815, 395.590, 400.750, 403.070, 1632096000),
(392, 18, 411.320, 405.900, 406.100, 411.320, 1631836800),
(393, 18, 411.750, 408.230, 410.315, 412.200, 1631750400),
(394, 18, 408.900, 407.685, 412.055, 412.250, 1631664000),
(395, 18, 410.720, 407.480, 408.755, 412.400, 1631577600),
(396, 18, 411.925, 408.335, 411.135, 412.730, 1631491200),
(397, 18, 414.315, 409.350, 409.650, 415.100, 1631232000),
(398, 18, 413.250, 412.215, 412.575, 416.080, 1631145600),
(399, 18, 413.725, 412.680, 414.220, 415.355, 1631059200),
(400, 18, 416.980, 414.415, 414.885, 417.025, 1630972800),
(401, 18, 417.385, 415.165, 416.630, 417.855, 1630627200),
(402, 18, 416.020, 415.495, 416.670, 417.455, 1630540800),
(403, 18, 416.880, 415.160, 415.500, 416.995, 1630454400),
(404, 18, 416.785, 414.595, 415.885, 416.915, 1630368000),
(405, 18, 414.150, 414.075, 415.930, 416.560, 1630281600),
(406, 18, 411.675, 411.015, 413.970, 414.315, 1630022400),
(407, 18, 412.445, 410.195, 410.305, 413.110, 1629936000),
(408, 18, 411.830, 411.400, 412.720, 413.215, 1629849600),
(409, 18, 412.120, 411.260, 411.615, 412.365, 1629763200),
(410, 18, 408.670, 408.385, 411.795, 412.085, 1629676800),
(411, 18, 402.155, 401.810, 407.810, 407.910, 1629417600),
(412, 18, 400.770, 399.420, 403.830, 405.540, 1629331200),
(413, 18, 407.680, 402.540, 403.485, 408.745, 1629244800),
(414, 18, 409.170, 405.315, 407.335, 409.580, 1629158400),
(415, 18, 409.225, 407.150, 410.720, 411.185, 1629072000),
(416, 18, 409.405, 409.175, 409.505, 409.975, 1628812800),
(417, 18, 407.855, 406.960, 408.990, 409.365, 1628726400),
(418, 18, 406.240, 406.135, 407.775, 408.145, 1628640000),
(419, 18, 406.560, 406.225, 406.715, 407.670, 1628553600),
(420, 18, 406.005, 405.710, 406.405, 407.345, 1628467200),
(421, 23, 43.590, 42.455, 42.455, 43.660, 1635724800),
(422, 23, 43.510, 43.465, 43.465, 43.570, 1635465600),
(423, 23, 43.610, 43.610, 43.885, 43.885, 1635379200),
(424, 23, 43.715, 43.575, 43.575, 43.750, 1635292800),
(425, 23, 43.910, 43.790, 43.830, 44.190, 1635206400),
(426, 23, 43.515, 43.515, 43.540, 43.675, 1635120000),
(427, 23, 43.445, 43.420, 43.420, 43.750, 1634860800),
(428, 23, 43.475, 43.455, 43.540, 44.485, 1634774400),
(429, 23, 43.535, 43.455, 43.765, 43.980, 1634688000),
(430, 23, 43.520, 43.475, 43.560, 44.575, 1634601600),
(431, 23, 43.070, 43.020, 43.240, 43.340, 1634515200),
(432, 23, 43.320, 43.300, 43.405, 43.425, 1634256000),
(433, 23, 42.880, 42.800, 43.025, 43.060, 1634169600),
(434, 23, 41.940, 41.940, 42.680, 42.680, 1634083200),
(435, 23, 41.885, 41.750, 42.055, 42.345, 1633996800),
(436, 23, 42.130, 41.795, 41.965, 42.230, 1633910400),
(437, 23, 42.125, 41.885, 41.885, 42.195, 1633651200),
(438, 23, 41.810, 41.775, 41.815, 42.090, 1633564800),
(439, 23, 41.505, 41.355, 41.665, 41.895, 1633478400),
(440, 23, 41.950, 41.905, 42.085, 42.195, 1633392000),
(441, 23, 42.165, 41.780, 41.925, 42.365, 1633305600),
(442, 23, 41.870, 41.820, 42.090, 42.170, 1633046400),
(443, 23, 42.135, 41.865, 41.865, 42.155, 1632960000),
(444, 23, 42.215, 41.795, 41.795, 42.220, 1632873600),
(445, 23, 42.795, 42.200, 42.200, 42.820, 1632787200),
(446, 23, 43.490, 43.250, 43.310, 43.505, 1632700800),
(447, 23, 43.630, 43.510, 43.520, 43.795, 1632441600),
(448, 23, 44.040, 44.010, 44.055, 44.190, 1632355200),
(449, 23, 43.950, 43.860, 43.960, 44.335, 1632268800),
(450, 23, 43.435, 43.375, 43.420, 43.620, 1632182400),
(451, 23, 42.940, 42.585, 43.005, 43.205, 1632096000),
(452, 23, 44.170, 43.710, 44.035, 44.375, 1631836800),
(453, 23, 44.210, 43.820, 44.730, 44.730, 1631750400),
(454, 23, 44.690, 44.360, 44.585, 44.705, 1631664000),
(455, 23, 44.935, 44.435, 44.515, 44.975, 1631577600),
(456, 23, 44.945, 44.715, 44.715, 44.955, 1631491200),
(457, 23, 44.945, 44.460, 44.460, 44.945, 1631232000),
(458, 23, 44.250, 44.250, 44.545, 44.600, 1631145600),
(459, 23, 44.710, 44.520, 44.520, 44.785, 1631059200),
(460, 23, 45.105, 44.740, 44.740, 45.165, 1630972800),
(461, 23, 45.215, 45.135, 45.300, 45.410, 1630627200),
(462, 23, 45.275, 45.240, 45.250, 45.450, 1630540800),
(463, 23, 45.175, 45.070, 45.150, 45.385, 1630454400),
(464, 23, 44.805, 44.590, 44.965, 45.010, 1630368000),
(465, 23, 45.080, 45.040, 45.250, 45.590, 1630281600),
(466, 23, 44.780, 44.770, 45.055, 45.210, 1630022400),
(467, 23, 44.850, 44.725, 44.725, 44.935, 1629936000),
(468, 23, 44.750, 44.680, 45.095, 45.155, 1629849600),
(469, 23, 44.490, 44.490, 44.755, 44.840, 1629763200),
(470, 23, 44.475, 44.475, 44.710, 44.815, 1629676800),
(471, 23, 43.820, 43.785, 44.245, 44.445, 1629417600),
(472, 23, 43.890, 43.890, 44.155, 44.340, 1629331200),
(473, 23, 44.405, 43.670, 43.670, 45.170, 1629244800),
(474, 23, 44.780, 44.385, 44.610, 44.820, 1629158400),
(475, 23, 44.885, 44.740, 45.100, 45.185, 1629072000),
(476, 23, 45.205, 44.635, 45.375, 45.375, 1628812800),
(477, 23, 45.125, 44.990, 44.990, 45.160, 1628726400),
(478, 23, 43.870, 43.870, 45.230, 45.235, 1628640000),
(479, 23, 44.215, 44.075, 44.735, 44.735, 1628553600),
(480, 23, 44.245, 44.245, 44.520, 44.620, 1628467200),
(481, 3, 25.585, 25.585, 26.025, 26.025, 1635724800),
(482, 3, 25.585, 25.585, 26.035, 26.035, 1635465600),
(483, 3, 25.585, 25.585, 26.030, 26.045, 1635379200),
(484, 3, 25.585, 25.585, 25.910, 26.025, 1635292800),
(485, 3, 25.585, 25.460, 25.980, 25.980, 1635206400),
(486, 3, 25.585, 25.585, 25.950, 25.950, 1635120000),
(487, 3, 25.585, 25.585, 25.950, 25.950, 1634860800),
(488, 3, 25.585, 25.585, 25.950, 25.995, 1634774400),
(489, 3, 25.585, 25.585, 25.950, 25.950, 1634688000),
(490, 3, 25.585, 25.585, 25.810, 25.825, 1634601600),
(491, 3, 25.585, 25.585, 25.675, 26.000, 1634515200),
(492, 3, 25.585, 25.585, 25.830, 25.925, 1634256000),
(493, 3, 25.585, 25.585, 25.990, 25.990, 1634169600),
(494, 3, 25.585, 25.585, 25.710, 25.775, 1634083200),
(495, 3, 25.585, 25.425, 25.655, 25.655, 1633996800),
(496, 3, 25.585, 25.300, 25.510, 25.585, 1633910400),
(497, 3, 25.585, 25.385, 25.500, 25.660, 1633651200),
(498, 3, 25.585, 25.405, 25.470, 25.585, 1633564800),
(499, 3, 25.585, 25.275, 25.455, 25.660, 1633478400),
(500, 3, 25.790, 25.330, 25.520, 25.835, 1633392000),
(501, 3, 25.790, 25.530, 25.710, 25.840, 1633305600),
(502, 3, 25.835, 25.635, 25.835, 25.855, 1633046400),
(503, 3, 25.835, 25.635, 25.760, 25.895, 1632960000),
(504, 3, 25.790, 25.580, 25.925, 25.925, 1632873600),
(505, 3, 25.840, 25.545, 25.845, 25.970, 1632787200),
(506, 3, 25.970, 25.805, 25.970, 26.015, 1632700800),
(507, 3, 26.035, 25.875, 26.020, 26.075, 1632441600),
(508, 3, 26.095, 25.970, 26.065, 26.155, 1632355200),
(509, 3, 26.095, 25.970, 25.985, 26.150, 1632268800),
(510, 3, 26.095, 25.905, 26.000, 26.095, 1632182400),
(511, 3, 26.095, 25.865, 26.030, 26.095, 1632096000),
(512, 3, 26.095, 26.050, 26.055, 26.125, 1631836800),
(513, 3, 26.095, 25.995, 26.050, 26.120, 1631750400),
(514, 3, 26.095, 25.950, 26.080, 26.095, 1631664000),
(515, 3, 26.095, 25.945, 26.010, 26.095, 1631577600),
(516, 3, 26.095, 25.970, 26.025, 26.140, 1631491200),
(517, 3, 26.095, 25.995, 26.100, 26.115, 1631232000),
(518, 3, 26.095, 25.990, 26.085, 26.095, 1631145600),
(519, 3, 26.095, 25.955, 26.085, 26.110, 1631059200),
(520, 3, 26.095, 25.975, 25.975, 26.250, 1630972800),
(521, 3, 26.095, 26.025, 26.135, 26.310, 1630627200),
(522, 3, 26.095, 26.095, 26.200, 26.270, 1630540800),
(523, 3, 26.095, 26.060, 26.105, 26.200, 1630454400),
(524, 3, 26.200, 25.985, 26.015, 26.200, 1630368000),
(525, 3, 26.200, 26.035, 26.115, 26.200, 1630281600),
(526, 3, 26.095, 25.875, 25.945, 26.095, 1630022400),
(527, 3, 26.095, 25.790, 25.955, 26.095, 1629936000),
(528, 3, 25.920, 25.910, 25.945, 26.100, 1629849600),
(529, 3, 26.045, 25.835, 25.835, 26.045, 1629763200),
(530, 3, 25.825, 25.825, 25.920, 26.055, 1629676800),
(531, 3, 25.700, 25.700, 25.830, 25.980, 1629417600),
(532, 3, 25.700, 25.450, 25.795, 25.920, 1629331200),
(533, 3, 25.700, 25.700, 26.010, 26.025, 1629244800),
(534, 3, 25.700, 25.700, 26.005, 26.075, 1629158400),
(535, 3, 25.990, 25.990, 26.075, 26.090, 1629072000),
(536, 3, 26.020, 25.990, 26.155, 26.155, 1628812800),
(537, 3, 25.980, 25.900, 26.135, 26.135, 1628726400),
(538, 3, 25.980, 25.825, 26.080, 26.080, 1628640000),
(539, 3, 25.700, 25.700, 26.070, 26.070, 1628553600),
(540, 3, 26.105, 25.945, 25.995, 26.155, 1628467200),
(541, 2, 24.030, 24.015, 24.095, 24.100, 1635724800),
(542, 2, 24.025, 24.025, 24.110, 24.110, 1635465600),
(543, 2, 24.100, 24.075, 24.115, 24.125, 1635379200),
(544, 2, 24.070, 24.070, 24.125, 24.175, 1635292800),
(545, 2, 24.045, 24.045, 24.085, 24.095, 1635206400),
(546, 2, 23.960, 23.960, 24.095, 24.095, 1635120000),
(547, 2, 23.980, 23.965, 24.005, 24.010, 1634860800),
(548, 2, 23.995, 23.925, 23.945, 24.010, 1634774400),
(549, 2, 24.025, 24.010, 24.035, 24.070, 1634688000),
(550, 2, 24.075, 24.015, 24.035, 24.075, 1634601600),
(551, 2, 24.020, 24.000, 24.060, 24.080, 1634515200),
(552, 2, 24.045, 24.045, 24.075, 24.090, 1634256000),
(553, 2, 24.040, 24.040, 24.130, 24.130, 1634169600),
(554, 2, 23.935, 23.925, 24.025, 24.025, 1634083200),
(555, 2, 23.800, 23.800, 24.040, 24.040, 1633996800),
(556, 2, 23.830, 23.760, 23.775, 23.830, 1633910400),
(557, 2, 23.850, 23.795, 23.815, 23.860, 1633651200),
(558, 2, 23.855, 23.835, 23.855, 23.900, 1633564800),
(559, 2, 23.820, 23.795, 23.890, 23.915, 1633478400),
(560, 2, 23.890, 23.840, 23.865, 23.890, 1633392000),
(561, 2, 23.925, 23.870, 24.030, 24.030, 1633305600),
(562, 2, 24.025, 23.965, 24.070, 24.080, 1633046400),
(563, 2, 23.990, 23.935, 23.955, 24.005, 1632960000),
(564, 2, 23.985, 23.925, 24.055, 24.055, 1632873600),
(565, 2, 24.030, 23.920, 23.930, 24.030, 1632787200),
(566, 2, 24.085, 24.085, 24.115, 24.125, 1632700800),
(567, 2, 24.155, 24.100, 24.135, 24.180, 1632441600),
(568, 2, 24.340, 24.220, 24.250, 24.360, 1632355200),
(569, 2, 24.275, 24.275, 24.335, 24.370, 1632268800),
(570, 2, 24.220, 24.195, 24.225, 24.230, 1632182400),
(571, 2, 24.155, 24.110, 24.155, 24.185, 1632096000),
(572, 2, 24.285, 24.225, 24.255, 24.305, 1631836800),
(573, 2, 24.370, 24.345, 24.400, 24.400, 1631750400),
(574, 2, 24.445, 24.415, 24.475, 24.475, 1631664000),
(575, 2, 24.425, 24.410, 24.435, 24.470, 1631577600),
(576, 2, 24.245, 24.245, 24.415, 24.430, 1631491200),
(577, 2, 24.405, 24.325, 24.325, 24.415, 1631232000),
(578, 2, 24.340, 24.330, 24.395, 24.410, 1631145600),
(579, 2, 24.325, 24.300, 24.335, 24.350, 1631059200),
(580, 2, 24.385, 24.310, 24.325, 24.385, 1630972800),
(581, 2, 24.440, 24.410, 24.435, 24.450, 1630627200),
(582, 2, 24.465, 24.450, 24.475, 24.490, 1630540800),
(583, 2, 24.465, 24.440, 24.465, 24.475, 1630454400),
(584, 2, 24.440, 24.405, 24.405, 24.545, 1630368000),
(585, 2, 24.375, 24.375, 24.425, 24.430, 1630281600),
(586, 2, 24.260, 24.245, 24.395, 24.395, 1630022400),
(587, 2, 24.255, 24.205, 24.225, 24.305, 1629936000),
(588, 2, 24.320, 24.270, 24.275, 24.335, 1629849600),
(589, 2, 24.280, 24.280, 24.310, 24.315, 1629763200),
(590, 2, 24.270, 24.265, 24.305, 24.305, 1629676800),
(591, 2, 24.185, 24.185, 24.245, 24.245, 1629417600),
(592, 2, 24.175, 24.160, 24.215, 24.215, 1629331200),
(593, 2, 24.255, 24.190, 24.215, 24.265, 1629244800),
(594, 2, 24.260, 24.225, 24.255, 24.285, 1629158400),
(595, 2, 24.300, 24.295, 24.315, 24.340, 1629072000),
(596, 2, 24.195, 24.195, 24.235, 24.300, 1628812800),
(597, 2, 24.150, 24.125, 24.175, 24.175, 1628726400),
(598, 2, 24.095, 24.095, 24.165, 24.195, 1628640000),
(599, 2, 24.175, 24.090, 24.120, 24.175, 1628553600),
(600, 2, 24.255, 24.145, 24.165, 24.255, 1628467200),
(601, 4, 44.265, 44.045, 44.190, 44.430, 1635724800),
(602, 4, 43.795, 43.560, 44.150, 44.195, 1635465600),
(603, 4, 43.735, 43.575, 43.840, 44.060, 1635379200),
(604, 4, 43.985, 43.600, 43.610, 44.055, 1635292800),
(605, 4, 43.835, 43.640, 43.900, 44.045, 1635206400),
(606, 4, 43.875, 43.575, 43.735, 43.890, 1635120000),
(607, 4, 43.555, 43.525, 43.840, 43.845, 1634860800),
(608, 4, 43.405, 43.165, 43.615, 43.630, 1634774400),
(609, 4, 43.010, 43.010, 43.320, 43.400, 1634688000),
(610, 4, 42.260, 42.260, 42.675, 42.830, 1634601600),
(611, 4, 42.365, 41.890, 42.135, 42.365, 1634515200),
(612, 4, 42.470, 42.355, 42.460, 42.620, 1634256000),
(613, 4, 42.165, 42.130, 42.205, 42.360, 1634169600),
(614, 4, 41.560, 41.270, 41.485, 41.670, 1634083200),
(615, 4, 41.695, 41.375, 41.475, 41.735, 1633996800),
(616, 4, 41.835, 41.510, 41.525, 42.065, 1633910400),
(617, 4, 42.285, 41.875, 41.915, 42.290, 1633651200),
(618, 4, 41.740, 41.740, 42.120, 42.445, 1633564800),
(619, 4, 41.405, 41.045, 41.695, 41.695, 1633478400),
(620, 4, 41.450, 41.375, 41.545, 41.980, 1633392000),
(621, 4, 41.815, 41.055, 41.275, 42.005, 1633305600),
(622, 4, 42.040, 41.295, 42.000, 42.150, 1633046400),
(623, 4, 42.635, 41.885, 41.890, 42.820, 1632960000),
(624, 4, 42.535, 42.305, 42.460, 42.640, 1632873600),
(625, 4, 42.870, 42.125, 42.275, 42.870, 1632787200),
(626, 4, 43.585, 42.955, 43.080, 43.585, 1632700800),
(627, 4, 43.710, 43.550, 43.650, 43.835, 1632441600),
(628, 4, 43.850, 43.775, 43.915, 44.175, 1632355200),
(629, 4, 43.635, 43.480, 43.700, 43.925, 1632268800),
(630, 4, 43.765, 43.555, 43.560, 44.035, 1632182400),
(631, 4, 43.840, 43.115, 43.520, 43.880, 1632096000),
(632, 4, 43.940, 43.800, 44.095, 44.180, 1631836800),
(633, 4, 44.080, 43.680, 43.945, 44.180, 1631750400),
(634, 4, 43.705, 43.545, 44.000, 44.190, 1631664000),
(635, 4, 44.185, 43.655, 43.720, 44.185, 1631577600),
(636, 4, 44.120, 43.485, 43.700, 44.130, 1631491200),
(637, 4, 44.510, 43.870, 43.875, 44.560, 1631232000),
(638, 4, 44.650, 44.350, 44.365, 44.820, 1631145600),
(639, 4, 44.615, 44.500, 44.665, 44.810, 1631059200),
(640, 4, 44.690, 44.350, 44.660, 44.690, 1630972800),
(641, 4, 44.735, 44.600, 44.785, 44.845, 1630627200),
(642, 4, 44.440, 44.440, 44.790, 44.795, 1630540800),
(643, 4, 44.135, 43.845, 44.305, 44.345, 1630454400),
(644, 4, 44.100, 43.915, 44.080, 44.225, 1630368000),
(645, 4, 43.820, 43.820, 44.050, 44.185, 1630281600),
(646, 4, 43.880, 43.650, 43.770, 43.970, 1630022400),
(647, 4, 43.825, 43.555, 43.640, 43.880, 1629936000),
(648, 4, 43.855, 43.675, 43.830, 43.915, 1629849600),
(649, 4, 43.935, 43.630, 43.875, 44.015, 1629763200),
(650, 4, 43.935, 43.725, 43.725, 43.995, 1629676800),
(651, 4, 43.575, 43.460, 43.830, 43.895, 1629417600),
(652, 4, 43.175, 43.050, 43.540, 43.670, 1629331200),
(653, 4, 43.845, 43.270, 43.285, 43.845, 1629244800),
(654, 4, 43.455, 43.385, 43.840, 43.845, 1629158400),
(655, 4, 43.095, 42.940, 43.505, 43.515, 1629072000),
(656, 4, 42.850, 42.840, 43.030, 43.035, 1628812800),
(657, 4, 42.565, 42.530, 42.875, 42.900, 1628726400),
(658, 4, 42.900, 42.515, 42.600, 42.900, 1628640000),
(659, 4, 43.215, 42.690, 42.720, 43.215, 1628553600),
(660, 4, 43.205, 43.010, 43.080, 43.290, 1628467200),
(661, 5, 88.240, 86.670, 88.010, 88.265, 1635724800),
(662, 5, 86.400, 86.205, 87.155, 87.355, 1635465600),
(663, 5, 86.580, 85.740, 87.635, 87.635, 1635379200),
(664, 5, 86.855, 86.070, 86.085, 87.110, 1635292800),
(665, 5, 87.455, 86.905, 86.905, 87.840, 1635206400),
(666, 5, 86.525, 86.455, 86.590, 87.475, 1635120000),
(667, 5, 86.510, 86.090, 86.360, 87.360, 1634860800),
(668, 5, 86.125, 86.040, 86.465, 86.980, 1634774400),
(669, 5, 86.025, 86.025, 86.160, 86.795, 1634688000),
(670, 5, 86.540, 84.855, 86.155, 87.000, 1634601600),
(671, 5, 82.460, 82.460, 85.335, 85.500, 1634515200),
(672, 5, 85.675, 84.415, 85.040, 85.855, 1634256000),
(673, 5, 85.845, 84.000, 85.490, 85.845, 1634169600),
(674, 5, 83.105, 82.885, 83.240, 83.645, 1634083200),
(675, 5, 81.325, 81.325, 82.580, 83.645, 1633996800),
(676, 5, 81.080, 81.080, 82.490, 83.760, 1633910400),
(677, 5, 83.740, 82.760, 83.225, 84.415, 1633651200),
(678, 5, 85.210, 83.380, 83.840, 85.210, 1633564800),
(679, 5, 81.135, 80.905, 82.915, 82.915, 1633478400),
(680, 5, 82.075, 81.515, 82.330, 82.915, 1633392000),
(681, 5, 80.900, 80.900, 81.520, 82.760, 1633305600),
(682, 5, 83.075, 83.075, 83.075, 83.075, 1633132800),
(683, 5, 80.640, 80.640, 83.075, 83.455, 1633046400),
(684, 5, 85.520, 81.370, 82.975, 85.520, 1632960000),
(685, 5, 85.650, 82.995, 83.100, 85.650, 1632873600),
(686, 5, 82.900, 82.900, 83.200, 84.575, 1632787200),
(687, 5, 86.690, 84.845, 85.285, 86.690, 1632700800),
(688, 5, 83.780, 83.780, 85.840, 85.930, 1632441600),
(689, 5, 86.540, 84.585, 85.970, 86.540, 1632355200),
(690, 5, 86.045, 83.835, 85.205, 86.045, 1632268800),
(691, 5, 86.190, 83.505, 83.505, 86.190, 1632182400),
(692, 5, 83.665, 83.560, 84.410, 85.830, 1632096000),
(693, 5, 86.695, 85.495, 85.495, 87.480, 1631836800),
(694, 5, 86.365, 86.160, 86.745, 87.775, 1631750400),
(695, 5, 86.150, 85.775, 86.720, 86.815, 1631664000),
(696, 5, 86.315, 83.865, 85.830, 86.860, 1631577600),
(697, 5, 87.145, 84.595, 86.470, 87.160, 1631491200),
(698, 5, 87.400, 86.710, 86.720, 88.680, 1631232000),
(699, 5, 84.820, 84.820, 86.830, 87.545, 1631145600),
(700, 5, 84.950, 84.950, 87.100, 87.845, 1631059200),
(701, 5, 87.850, 87.035, 87.085, 87.890, 1630972800),
(702, 5, 87.655, 87.210, 87.565, 87.820, 1630627200),
(703, 5, 87.555, 86.780, 87.445, 88.240, 1630540800),
(704, 5, 89.460, 86.060, 87.295, 89.460, 1630454400),
(705, 5, 89.500, 86.515, 87.125, 89.500, 1630368000),
(706, 5, 87.115, 84.945, 87.205, 87.910, 1630281600),
(707, 5, 88.415, 85.820, 87.080, 88.415, 1630022400),
(708, 5, 86.460, 86.130, 86.925, 87.330, 1629936000),
(709, 5, 86.710, 84.260, 86.820, 87.505, 1629849600),
(710, 5, 88.275, 86.275, 86.580, 88.275, 1629763200),
(711, 5, 85.240, 85.105, 86.140, 86.140, 1629676800),
(712, 5, 81.925, 81.925, 85.005, 85.005, 1629417600),
(713, 5, 83.135, 82.505, 84.270, 84.580, 1629331200),
(714, 5, 84.910, 83.785, 83.965, 86.110, 1629244800),
(715, 5, 84.620, 84.060, 84.105, 84.755, 1629158400),
(716, 5, 84.835, 84.215, 84.860, 87.265, 1629072000),
(717, 5, 85.185, 84.815, 84.815, 85.545, 1628812800),
(718, 5, 85.295, 84.500, 85.130, 85.945, 1628726400),
(719, 5, 85.245, 83.580, 85.120, 86.105, 1628640000),
(720, 5, 86.110, 83.590, 84.670, 86.115, 1628553600),
(721, 6, 237.550, 236.720, 238.125, 238.495, 1635724800),
(722, 6, 235.820, 235.275, 237.130, 237.285, 1635465600),
(723, 6, 233.890, 233.890, 235.830, 236.595, 1635379200),
(724, 6, 236.495, 233.995, 234.330, 236.495, 1635292800),
(725, 6, 235.500, 235.460, 235.790, 237.265, 1635206400),
(726, 6, 233.415, 233.415, 235.840, 236.125, 1635120000),
(727, 6, 234.380, 233.300, 234.080, 235.410, 1634860800),
(728, 6, 234.230, 232.415, 234.190, 234.955, 1634774400),
(729, 6, 233.800, 232.935, 233.975, 234.345, 1634688000),
(730, 6, 232.945, 231.820, 233.350, 233.365, 1634601600),
(731, 6, 230.355, 229.540, 231.685, 231.815, 1634515200),
(732, 6, 229.750, 229.750, 230.875, 231.170, 1634256000),
(733, 6, 226.220, 226.220, 229.625, 229.760, 1634169600),
(734, 6, 224.200, 223.635, 225.915, 226.025, 1634083200),
(735, 6, 224.155, 223.060, 224.200, 225.705, 1633996800),
(736, 6, 224.275, 224.275, 224.450, 227.595, 1633910400),
(737, 6, 224.960, 224.905, 226.285, 227.770, 1633651200),
(738, 6, 227.015, 225.590, 227.220, 228.365, 1633564800),
(739, 6, 226.370, 220.965, 225.290, 226.370, 1633478400),
(740, 6, 224.250, 221.250, 223.750, 224.990, 1633392000),
(741, 6, 225.350, 220.545, 221.870, 225.350, 1633305600),
(742, 6, 225.000, 225.000, 225.000, 225.000, 1633132800),
(743, 6, 222.475, 220.300, 225.025, 225.615, 1633046400),
(744, 6, 226.750, 222.020, 222.575, 226.970, 1632960000),
(745, 6, 226.250, 224.285, 225.065, 226.805, 1632873600),
(746, 6, 226.875, 224.065, 225.130, 228.555, 1632787200),
(747, 6, 230.250, 228.565, 229.185, 230.900, 1632700800),
(748, 6, 227.780, 227.780, 229.545, 229.945, 1632441600),
(749, 6, 229.655, 228.100, 230.450, 230.945, 1632355200),
(750, 6, 223.785, 223.785, 227.855, 228.450, 1632268800),
(751, 6, 227.230, 224.375, 224.540, 228.605, 1632182400),
(752, 6, 227.495, 222.310, 225.265, 228.885, 1632096000),
(753, 6, 231.475, 228.190, 228.535, 231.975, 1631836800),
(754, 6, 231.225, 229.310, 230.650, 232.275, 1631750400),
(755, 6, 231.350, 228.715, 231.410, 231.760, 1631664000),
(756, 6, 231.520, 228.625, 229.510, 231.520, 1631577600),
(757, 6, 231.975, 229.330, 230.950, 232.250, 1631491200),
(758, 6, 233.025, 229.875, 229.960, 233.200, 1631232000),
(759, 6, 232.250, 231.650, 231.805, 233.650, 1631145600),
(760, 6, 233.105, 231.580, 232.370, 234.125, 1631059200),
(761, 6, 240.430, 233.025, 233.375, 240.880, 1630972800),
(762, 6, 240.650, 233.635, 234.385, 240.650, 1630627200),
(763, 6, 234.250, 233.665, 234.315, 234.660, 1630540800),
(764, 6, 233.925, 233.250, 233.495, 234.340, 1630454400),
(765, 6, 233.905, 232.790, 233.380, 234.325, 1630368000),
(766, 6, 233.875, 232.500, 233.665, 233.965, 1630281600),
(767, 6, 230.955, 230.630, 232.805, 233.160, 1630022400),
(768, 6, 231.850, 230.165, 230.635, 232.070, 1629936000),
(769, 6, 231.140, 230.815, 231.870, 232.025, 1629849600),
(770, 6, 231.340, 230.050, 231.150, 231.415, 1629763200),
(771, 6, 227.735, 227.735, 230.485, 230.745, 1629676800),
(772, 6, 224.575, 224.575, 228.290, 228.540, 1629417600),
(773, 6, 224.660, 223.650, 225.710, 226.820, 1629331200),
(774, 6, 226.470, 225.710, 226.115, 228.835, 1629244800),
(775, 6, 229.930, 226.775, 228.295, 230.880, 1629158400),
(776, 6, 230.625, 228.275, 230.350, 230.950, 1629072000),
(777, 6, 230.630, 229.665, 229.895, 230.930, 1628812800),
(778, 6, 230.915, 228.775, 229.615, 230.915, 1628726400),
(779, 6, 227.965, 227.965, 229.240, 229.535, 1628640000),
(780, 6, 229.875, 228.505, 228.660, 230.125, 1628553600),
(781, 8, 49.585, 49.355, 49.990, 50.495, 1635724800),
(782, 8, 49.950, 49.565, 49.840, 50.200, 1635465600),
(783, 8, 48.875, 48.875, 49.720, 50.255, 1635379200),
(784, 8, 49.845, 49.020, 50.025, 50.025, 1635292800),
(785, 8, 50.075, 49.720, 49.900, 50.420, 1635206400),
(786, 8, 49.355, 49.135, 49.835, 50.080, 1635120000),
(787, 8, 49.915, 48.820, 49.545, 49.915, 1634860800),
(788, 8, 49.360, 49.355, 50.510, 50.510, 1634774400),
(789, 8, 49.615, 49.185, 49.330, 49.760, 1634688000),
(790, 8, 48.495, 48.440, 49.700, 49.700, 1634601600),
(791, 8, 48.305, 47.725, 47.725, 48.555, 1634515200),
(792, 8, 49.060, 48.500, 48.890, 49.335, 1634256000),
(793, 8, 48.480, 48.455, 48.990, 49.280, 1634169600),
(794, 8, 47.680, 47.665, 49.025, 49.025, 1634083200),
(795, 8, 47.530, 47.490, 47.510, 48.195, 1633996800),
(796, 8, 47.160, 46.840, 47.775, 47.830, 1633910400),
(797, 8, 47.955, 46.975, 47.490, 48.255, 1633651200),
(798, 8, 47.395, 47.335, 47.870, 48.585, 1633564800),
(799, 8, 47.705, 47.310, 47.890, 48.040, 1633478400),
(800, 8, 48.320, 48.270, 48.535, 48.995, 1633392000),
(801, 8, 49.230, 47.920, 48.380, 49.865, 1633305600),
(802, 8, 50.160, 48.440, 49.655, 50.300, 1633046400),
(803, 8, 50.880, 50.340, 50.380, 51.250, 1632960000),
(804, 8, 51.305, 50.310, 51.250, 51.625, 1632873600),
(805, 8, 52.090, 50.805, 50.915, 52.220, 1632787200),
(806, 8, 53.070, 52.300, 52.300, 53.465, 1632700800),
(807, 8, 53.500, 52.875, 53.265, 54.830, 1632441600),
(808, 8, 54.515, 54.495, 55.160, 55.340, 1632355200),
(809, 8, 54.745, 54.110, 54.595, 54.920, 1632268800),
(810, 8, 54.620, 53.250, 54.455, 54.970, 1632182400),
(811, 8, 54.340, 53.040, 54.250, 54.365, 1632096000),
(812, 8, 54.495, 53.655, 54.515, 55.270, 1631836800),
(813, 8, 55.505, 53.470, 54.115, 55.505, 1631750400),
(814, 8, 53.630, 53.460, 54.190, 54.280, 1631664000),
(815, 8, 53.440, 53.360, 53.505, 54.600, 1631577600),
(816, 8, 56.440, 52.685, 52.685, 56.440, 1631491200),
(817, 8, 55.080, 54.530, 54.635, 55.400, 1631232000),
(818, 8, 54.130, 54.120, 55.525, 55.525, 1631145600),
(819, 8, 54.780, 53.710, 54.385, 54.895, 1631059200),
(820, 8, 55.125, 54.640, 54.870, 55.620, 1630972800),
(821, 8, 55.350, 54.730, 55.200, 55.380, 1630627200),
(822, 8, 56.170, 54.725, 56.485, 56.485, 1630540800),
(823, 8, 54.150, 54.050, 55.325, 55.325, 1630454400),
(824, 8, 53.570, 53.440, 53.750, 54.225, 1630368000),
(825, 8, 54.025, 53.205, 54.060, 54.065, 1630281600),
(826, 8, 54.745, 52.490, 52.490, 54.745, 1630022400),
(827, 8, 53.670, 53.130, 53.360, 54.210, 1629936000),
(828, 8, 53.430, 53.060, 53.320, 53.975, 1629849600),
(829, 8, 55.130, 52.835, 53.850, 55.130, 1629763200),
(830, 8, 52.245, 52.175, 53.950, 53.950, 1629676800),
(831, 8, 50.550, 50.445, 50.700, 51.780, 1629417600),
(832, 8, 51.685, 50.710, 51.025, 51.845, 1629331200),
(833, 8, 53.620, 51.810, 52.950, 53.620, 1629244800),
(834, 8, 51.215, 50.665, 51.450, 52.315, 1629158400),
(835, 8, 52.200, 50.665, 51.710, 52.395, 1629072000),
(836, 8, 53.445, 52.590, 52.965, 53.460, 1628812800),
(837, 8, 52.535, 52.315, 53.640, 53.640, 1628726400),
(838, 8, 53.535, 51.585, 52.885, 53.540, 1628640000),
(839, 8, 54.960, 53.350, 54.210, 55.395, 1628553600),
(840, 8, 54.035, 53.805, 54.825, 55.170, 1628467200),
(841, 9, 71.525, 71.105, 73.345, 73.385, 1635724800),
(842, 9, 70.880, 70.490, 71.075, 71.635, 1635465600),
(843, 9, 70.230, 69.920, 71.355, 71.390, 1635379200),
(844, 9, 72.800, 69.895, 70.160, 73.030, 1635292800),
(845, 9, 72.790, 72.245, 72.590, 73.400, 1635206400),
(846, 9, 71.185, 71.085, 73.270, 73.550, 1635120000),
(847, 9, 72.110, 71.685, 72.700, 73.045, 1634860800),
(848, 9, 72.300, 71.535, 71.985, 72.665, 1634774400),
(849, 9, 70.570, 70.240, 72.450, 72.525, 1634688000),
(850, 9, 70.530, 69.945, 70.790, 71.335, 1634601600),
(851, 9, 71.150, 70.205, 70.565, 71.315, 1634515200),
(852, 9, 69.900, 69.900, 70.555, 71.470, 1634256000),
(853, 9, 70.250, 69.555, 70.235, 70.610, 1634169600),
(854, 9, 69.825, 68.135, 69.360, 70.310, 1634083200),
(855, 9, 69.975, 69.325, 69.790, 70.475, 1633996800),
(856, 9, 71.050, 69.820, 69.900, 71.455, 1633910400),
(857, 9, 69.870, 69.860, 70.655, 71.115, 1633651200),
(858, 9, 69.215, 69.215, 70.615, 70.945, 1633564800),
(859, 9, 69.385, 68.075, 69.755, 69.795, 1633478400),
(860, 9, 69.000, 69.000, 69.880, 70.615, 1633392000),
(861, 9, 69.070, 68.545, 69.475, 70.345, 1633305600),
(862, 9, 67.105, 66.805, 69.450, 69.875, 1633046400),
(863, 9, 68.735, 67.325, 67.460, 69.160, 1632960000),
(864, 9, 68.505, 67.555, 68.870, 68.885, 1632873600),
(865, 9, 68.465, 67.665, 68.090, 69.460, 1632787200),
(866, 9, 66.360, 65.755, 68.425, 68.875, 1632700800),
(867, 9, 64.830, 64.615, 65.825, 66.235, 1632441600),
(868, 9, 63.775, 62.850, 65.430, 65.595, 1632355200),
(869, 9, 62.545, 61.930, 63.065, 63.475, 1632268800),
(870, 9, 62.615, 61.385, 61.660, 63.300, 1632182400),
(871, 9, 63.200, 60.885, 61.960, 63.200, 1632096000),
(872, 9, 64.000, 63.275, 63.630, 64.405, 1631836800),
(873, 9, 63.820, 63.230, 63.560, 64.680, 1631750400),
(874, 9, 64.655, 62.630, 64.025, 64.665, 1631664000),
(875, 9, 63.565, 62.655, 63.070, 65.120, 1631577600),
(876, 9, 63.360, 63.360, 64.400, 64.715, 1631491200),
(877, 9, 64.845, 63.545, 63.610, 65.565, 1631232000),
(878, 9, 63.745, 63.225, 64.155, 65.630, 1631145600),
(879, 9, 64.500, 63.865, 63.925, 65.715, 1631059200),
(880, 9, 65.235, 64.835, 65.060, 66.235, 1630972800),
(881, 9, 65.705, 64.905, 65.025, 66.430, 1630627200),
(882, 9, 65.260, 65.125, 65.505, 66.195, 1630540800),
(883, 9, 66.835, 64.875, 65.440, 66.835, 1630454400),
(884, 9, 65.785, 65.085, 66.035, 66.245, 1630368000),
(885, 9, 65.950, 65.165, 65.355, 67.055, 1630281600),
(886, 9, 65.575, 65.145, 66.975, 67.140, 1630022400),
(887, 9, 66.605, 64.985, 65.015, 66.605, 1629936000),
(888, 9, 65.250, 65.000, 66.175, 66.805, 1629849600),
(889, 9, 66.655, 64.935, 65.360, 66.655, 1629763200),
(890, 9, 64.325, 64.325, 65.460, 66.015, 1629676800),
(891, 9, 62.510, 62.510, 64.365, 64.510, 1629417600),
(892, 9, 63.185, 62.555, 63.155, 63.875, 1629331200),
(893, 9, 63.895, 63.835, 63.935, 65.255, 1629244800),
(894, 9, 64.850, 63.785, 64.435, 65.540, 1629158400),
(895, 9, 66.255, 64.705, 65.720, 66.300, 1629072000),
(896, 9, 66.655, 65.775, 65.870, 66.855, 1628812800),
(897, 9, 67.550, 66.265, 66.585, 67.550, 1628726400),
(898, 9, 65.865, 65.415, 67.255, 67.280, 1628640000),
(899, 9, 65.525, 64.785, 65.765, 66.175, 1628553600),
(900, 9, 65.805, 64.780, 65.750, 66.375, 1628467200),
(901, 11, 37.520, 37.120, 38.270, 38.515, 1635724800),
(902, 11, 37.520, 37.170, 37.750, 37.875, 1635465600),
(903, 11, 37.735, 36.605, 37.240, 37.735, 1635379200),
(904, 11, 38.000, 36.315, 36.820, 38.000, 1635292800),
(905, 11, 37.500, 37.045, 37.335, 37.955, 1635206400),
(906, 11, 37.120, 37.010, 37.575, 37.625, 1635120000),
(907, 11, 37.120, 36.985, 37.440, 37.560, 1634860800),
(908, 11, 37.545, 36.715, 37.500, 37.565, 1634774400),
(909, 11, 37.120, 37.020, 37.525, 37.820, 1634688000),
(910, 11, 37.050, 37.050, 37.505, 38.415, 1634601600),
(911, 11, 37.000, 36.760, 36.875, 37.425, 1634515200),
(912, 11, 36.970, 36.825, 37.380, 37.850, 1634256000),
(913, 11, 36.455, 36.235, 36.800, 36.975, 1634169600),
(914, 11, 35.800, 35.465, 36.500, 36.500, 1634083200),
(915, 11, 36.050, 35.135, 35.650, 36.050, 1633996800),
(916, 11, 35.340, 35.155, 35.750, 35.750, 1633910400),
(917, 11, 36.630, 35.275, 35.320, 36.630, 1633651200),
(918, 11, 35.070, 35.070, 36.095, 36.095, 1633564800),
(919, 11, 35.070, 34.355, 35.290, 35.555, 1633478400),
(920, 11, 34.920, 34.870, 35.375, 35.540, 1633392000),
(921, 11, 36.090, 34.605, 35.240, 36.500, 1633305600),
(922, 11, 36.515, 36.260, 36.260, 36.515, 1633132800),
(923, 11, 36.285, 35.545, 36.260, 37.145, 1633046400),
(924, 11, 37.550, 36.425, 37.110, 37.610, 1632960000),
(925, 11, 37.185, 36.600, 37.250, 38.245, 1632873600),
(926, 11, 38.395, 36.905, 37.435, 38.510, 1632787200),
(927, 11, 38.770, 37.935, 38.400, 38.810, 1632700800),
(928, 11, 39.680, 38.600, 38.995, 40.125, 1632441600),
(929, 11, 39.720, 38.695, 40.150, 40.150, 1632355200),
(930, 11, 39.730, 38.250, 38.250, 39.735, 1632268800),
(931, 11, 39.315, 37.845, 38.875, 39.325, 1632182400),
(932, 11, 38.250, 37.570, 38.250, 38.495, 1632096000),
(933, 11, 39.795, 38.725, 39.000, 39.795, 1631836800),
(934, 11, 38.800, 38.615, 39.250, 39.400, 1631750400),
(935, 11, 38.950, 38.525, 39.525, 39.525, 1631664000);
INSERT INTO `instrument_charts` (`id`, `instrument_id`, `open`, `low`, `close`, `high`, `created`) VALUES
(936, 11, 38.950, 38.525, 38.600, 39.315, 1631577600),
(937, 11, 38.750, 38.435, 38.705, 39.355, 1631491200),
(938, 11, 38.995, 38.300, 38.340, 39.400, 1631232000),
(939, 11, 37.855, 37.485, 38.780, 38.995, 1631145600),
(940, 11, 37.955, 37.915, 38.625, 38.950, 1631059200),
(941, 11, 38.420, 38.410, 39.505, 39.955, 1630972800),
(942, 11, 37.265, 37.265, 38.350, 38.485, 1630627200),
(943, 11, 37.200, 37.005, 37.830, 37.895, 1630540800),
(944, 11, 36.955, 36.830, 37.365, 37.380, 1630454400),
(945, 11, 37.005, 36.605, 36.755, 37.050, 1630368000),
(946, 11, 37.675, 36.540, 36.540, 37.675, 1630281600),
(947, 11, 36.500, 36.055, 36.875, 36.875, 1630022400),
(948, 11, 36.500, 35.400, 36.075, 36.500, 1629936000),
(949, 11, 36.500, 35.935, 36.260, 36.610, 1629849600),
(950, 11, 35.050, 35.045, 36.430, 36.545, 1629763200),
(951, 11, 34.285, 34.280, 35.875, 35.875, 1629676800),
(952, 11, 34.000, 34.000, 34.480, 34.785, 1629417600),
(953, 11, 33.845, 33.845, 34.180, 34.845, 1629331200),
(954, 11, 34.020, 34.000, 34.560, 35.125, 1629244800),
(955, 11, 34.500, 34.350, 35.075, 35.225, 1629158400),
(956, 11, 34.265, 34.235, 34.455, 35.120, 1629072000),
(957, 11, 34.820, 34.625, 35.255, 35.425, 1628812800),
(958, 11, 34.575, 34.565, 35.230, 35.385, 1628726400),
(959, 11, 34.495, 34.495, 35.145, 35.185, 1628640000),
(960, 11, 34.000, 34.000, 34.650, 34.825, 1628553600),
(961, 12, 9.865, 9.825, 9.845, 9.945, 1635724800),
(962, 12, 9.865, 9.805, 9.865, 9.940, 1635465600),
(963, 12, 9.865, 9.865, 9.865, 9.945, 1635379200),
(964, 12, 9.865, 9.860, 9.865, 9.955, 1635292800),
(965, 12, 9.865, 9.850, 9.860, 9.950, 1635206400),
(966, 12, 9.865, 9.845, 9.900, 9.945, 1635120000),
(967, 12, 9.865, 9.855, 9.930, 9.965, 1634860800),
(968, 12, 9.865, 9.840, 9.940, 9.945, 1634774400),
(969, 12, 9.830, 9.820, 9.865, 9.945, 1634688000),
(970, 12, 9.830, 9.825, 9.855, 9.865, 1634601600),
(971, 12, 9.675, 9.640, 9.830, 9.830, 1634515200),
(972, 12, 9.800, 9.755, 9.805, 9.845, 1634256000),
(973, 12, 9.585, 9.585, 9.820, 9.820, 1634169600),
(974, 12, 9.585, 9.545, 9.670, 9.705, 1634083200),
(975, 12, 9.500, 9.500, 9.590, 9.645, 1633996800),
(976, 12, 9.585, 9.505, 9.530, 9.615, 1633910400),
(977, 12, 9.545, 9.520, 9.610, 9.620, 1633651200),
(978, 12, 9.540, 9.535, 9.625, 9.625, 1633564800),
(979, 12, 9.555, 9.395, 9.635, 9.635, 1633478400),
(980, 12, 9.555, 9.465, 9.515, 9.610, 1633392000),
(981, 12, 9.555, 9.470, 9.550, 9.625, 1633305600),
(982, 12, 9.605, 9.605, 9.605, 9.605, 1633132800),
(983, 12, 9.555, 9.455, 9.605, 9.605, 1633046400),
(984, 12, 9.770, 9.445, 9.550, 9.770, 1632960000),
(985, 12, 9.685, 9.485, 9.605, 9.685, 1632873600),
(986, 12, 9.660, 9.485, 9.600, 9.660, 1632787200),
(987, 12, 9.630, 9.575, 9.660, 9.715, 1632700800),
(988, 12, 9.730, 9.585, 9.700, 9.735, 1632441600),
(989, 12, 9.595, 9.595, 9.785, 9.785, 1632355200),
(990, 12, 9.570, 9.555, 9.655, 9.735, 1632268800),
(991, 12, 9.525, 9.490, 9.590, 9.650, 1632182400),
(992, 12, 9.710, 9.475, 9.515, 9.710, 1632096000),
(993, 12, 9.760, 9.625, 9.625, 9.805, 1631836800),
(994, 12, 9.760, 9.650, 9.730, 9.785, 1631750400),
(995, 12, 9.780, 9.675, 9.685, 9.835, 1631664000),
(996, 12, 9.770, 9.655, 9.785, 9.785, 1631577600),
(997, 12, 9.770, 9.675, 9.780, 9.800, 1631491200),
(998, 12, 9.855, 9.655, 9.780, 9.855, 1631232000),
(999, 12, 9.885, 9.755, 9.795, 9.885, 1631145600),
(1000, 12, 9.875, 9.790, 9.880, 9.910, 1631059200),
(1001, 12, 9.850, 9.800, 9.820, 9.970, 1630972800),
(1002, 12, 9.845, 9.845, 9.860, 9.965, 1630627200),
(1003, 12, 9.885, 9.885, 9.885, 9.985, 1630540800),
(1004, 12, 9.850, 9.785, 9.860, 9.965, 1630454400),
(1005, 12, 9.770, 9.735, 9.810, 9.865, 1630368000),
(1006, 12, 9.730, 9.705, 9.750, 9.835, 1630281600),
(1007, 12, 9.650, 9.650, 9.780, 9.825, 1630022400),
(1008, 12, 9.650, 9.580, 9.620, 9.765, 1629936000),
(1009, 12, 9.660, 9.600, 9.625, 9.785, 1629849600),
(1010, 12, 9.740, 9.675, 9.765, 9.765, 1629763200),
(1011, 12, 9.475, 9.475, 9.590, 9.765, 1629676800),
(1012, 12, 9.650, 9.505, 9.680, 9.680, 1629417600),
(1013, 12, 9.675, 9.510, 9.550, 9.675, 1629331200),
(1014, 12, 9.735, 9.675, 9.690, 9.805, 1629244800),
(1015, 12, 9.775, 9.655, 9.690, 9.810, 1629158400),
(1016, 12, 10.000, 9.775, 9.800, 10.000, 1629072000),
(1017, 12, 9.875, 9.765, 9.825, 9.875, 1628812800),
(1018, 12, 9.855, 9.755, 9.800, 9.855, 1628726400),
(1019, 12, 9.855, 9.715, 9.835, 9.855, 1628640000),
(1020, 12, 9.855, 9.725, 9.830, 9.895, 1628553600),
(1021, 14, 56.290, 56.290, 57.195, 57.225, 1635724800),
(1022, 14, 55.545, 55.180, 56.095, 56.125, 1635465600),
(1023, 14, 55.695, 55.520, 56.055, 56.055, 1635379200),
(1024, 14, 55.950, 54.525, 54.525, 55.960, 1635292800),
(1025, 14, 56.245, 55.610, 55.755, 56.500, 1635206400),
(1026, 14, 55.485, 55.330, 55.905, 56.050, 1635120000),
(1027, 14, 55.310, 54.955, 55.235, 55.835, 1634860800),
(1028, 14, 54.550, 54.530, 55.280, 55.310, 1634774400),
(1029, 14, 54.575, 54.380, 54.450, 55.695, 1634688000),
(1030, 14, 54.935, 54.400, 54.445, 56.050, 1634601600),
(1031, 14, 54.020, 53.860, 54.935, 54.935, 1634515200),
(1032, 14, 54.135, 53.960, 54.105, 55.170, 1634256000),
(1033, 14, 53.400, 53.310, 53.880, 54.580, 1634169600),
(1034, 14, 53.115, 52.605, 53.215, 54.160, 1634083200),
(1035, 14, 52.780, 52.600, 52.880, 53.860, 1633996800),
(1036, 14, 53.535, 52.350, 52.395, 53.535, 1633910400),
(1037, 14, 53.155, 52.680, 52.755, 54.330, 1633651200),
(1038, 14, 52.685, 52.305, 53.065, 53.445, 1633564800),
(1039, 14, 53.345, 51.605, 52.210, 53.345, 1633478400),
(1040, 14, 52.335, 52.070, 53.360, 53.360, 1633392000),
(1041, 14, 52.555, 51.895, 52.060, 53.095, 1633305600),
(1042, 14, 52.265, 51.725, 52.565, 53.405, 1633046400),
(1043, 14, 53.160, 51.835, 51.950, 53.370, 1632960000),
(1044, 14, 53.510, 53.230, 53.270, 53.880, 1632873600),
(1045, 14, 53.995, 53.115, 53.255, 54.295, 1632787200),
(1046, 14, 53.840, 53.840, 54.185, 54.790, 1632700800),
(1047, 14, 53.595, 53.455, 54.065, 54.665, 1632441600),
(1048, 14, 53.625, 53.420, 53.890, 54.145, 1632355200),
(1049, 14, 52.780, 52.500, 53.195, 53.680, 1632268800),
(1050, 14, 52.890, 52.210, 52.465, 53.150, 1632182400),
(1051, 14, 52.865, 51.750, 52.445, 53.030, 1632096000),
(1052, 14, 53.670, 53.290, 53.395, 53.915, 1631836800),
(1053, 14, 53.140, 53.140, 53.605, 53.785, 1631750400),
(1054, 14, 54.155, 52.480, 53.150, 54.155, 1631664000),
(1055, 14, 53.300, 52.770, 52.850, 54.410, 1631577600),
(1056, 14, 53.495, 52.725, 53.205, 53.655, 1631491200),
(1057, 14, 53.615, 53.055, 53.110, 54.670, 1631232000),
(1058, 14, 53.180, 53.135, 53.505, 53.590, 1631145600),
(1059, 14, 53.100, 52.625, 53.160, 53.390, 1631059200),
(1060, 14, 53.405, 53.090, 53.095, 53.595, 1630972800),
(1061, 14, 53.425, 53.100, 53.490, 53.665, 1630627200),
(1062, 14, 53.695, 53.390, 53.450, 53.825, 1630540800),
(1063, 14, 53.710, 53.375, 53.525, 53.945, 1630454400),
(1064, 14, 54.300, 53.290, 53.455, 54.300, 1630368000),
(1065, 14, 53.740, 53.525, 53.930, 54.015, 1630281600),
(1066, 14, 54.055, 52.955, 54.660, 54.660, 1630022400),
(1067, 14, 53.800, 53.110, 53.230, 54.705, 1629936000),
(1068, 14, 53.515, 53.360, 53.875, 54.480, 1629849600),
(1069, 14, 53.125, 53.050, 53.460, 53.645, 1629763200),
(1070, 14, 54.210, 52.630, 52.815, 54.210, 1629676800),
(1071, 14, 51.860, 51.780, 52.570, 52.775, 1629417600),
(1072, 14, 51.635, 51.455, 52.085, 52.210, 1629331200),
(1073, 14, 52.075, 51.980, 52.315, 52.665, 1629244800),
(1074, 14, 52.750, 51.630, 52.025, 53.130, 1629158400),
(1075, 14, 53.235, 52.725, 53.335, 53.855, 1629072000),
(1076, 14, 53.680, 53.345, 53.435, 53.955, 1628812800),
(1077, 14, 53.520, 53.260, 53.600, 54.495, 1628726400),
(1078, 14, 53.530, 53.155, 53.715, 53.985, 1628640000),
(1079, 14, 53.045, 52.690, 53.410, 53.590, 1628553600),
(1080, 14, 53.065, 52.715, 52.925, 53.350, 1628467200),
(1081, 15, 55.200, 55.105, 55.330, 55.600, 1635724800),
(1082, 15, 54.970, 54.785, 55.200, 55.200, 1635465600),
(1083, 15, 55.015, 54.985, 55.330, 55.365, 1635379200),
(1084, 15, 56.795, 54.890, 54.910, 56.795, 1635292800),
(1085, 15, 55.320, 55.105, 56.240, 56.240, 1635206400),
(1086, 15, 55.115, 54.970, 55.175, 55.195, 1635120000),
(1087, 15, 55.170, 55.085, 55.220, 55.320, 1634860800),
(1088, 15, 55.235, 54.970, 55.300, 55.320, 1634774400),
(1089, 15, 55.200, 55.120, 55.550, 55.610, 1634688000),
(1090, 15, 54.895, 54.855, 55.150, 55.155, 1634601600),
(1091, 15, 54.285, 54.280, 54.710, 54.725, 1634515200),
(1092, 15, 54.700, 54.635, 54.850, 54.860, 1634256000),
(1093, 15, 54.495, 54.335, 54.670, 54.670, 1634169600),
(1094, 15, 53.525, 53.410, 53.785, 54.020, 1634083200),
(1095, 15, 53.390, 53.250, 53.270, 53.690, 1633996800),
(1096, 15, 53.595, 53.220, 53.235, 53.765, 1633910400),
(1097, 15, 53.735, 53.210, 53.210, 53.825, 1633651200),
(1098, 15, 53.855, 53.655, 53.785, 53.950, 1633564800),
(1099, 15, 52.810, 52.755, 53.550, 53.580, 1633478400),
(1100, 15, 53.745, 53.525, 53.865, 53.870, 1633392000),
(1101, 15, 53.335, 53.230, 53.255, 53.715, 1633305600),
(1102, 15, 53.020, 52.820, 53.415, 53.480, 1633046400),
(1103, 15, 53.115, 52.520, 52.565, 53.150, 1632960000),
(1104, 15, 52.890, 52.715, 52.945, 53.180, 1632873600),
(1105, 15, 53.250, 52.655, 52.750, 53.325, 1632787200),
(1106, 15, 53.555, 53.515, 53.550, 53.855, 1632700800),
(1107, 15, 53.165, 53.160, 53.545, 53.550, 1632441600),
(1108, 15, 53.380, 53.275, 53.610, 53.660, 1632355200),
(1109, 15, 53.130, 52.965, 53.190, 53.405, 1632268800),
(1110, 15, 52.990, 52.375, 52.390, 53.220, 1632182400),
(1111, 15, 52.020, 51.885, 52.270, 52.665, 1632096000),
(1112, 15, 53.450, 52.770, 52.815, 53.465, 1631836800),
(1113, 15, 53.325, 53.145, 53.285, 53.465, 1631750400),
(1114, 15, 53.350, 53.305, 53.715, 53.720, 1631664000),
(1115, 15, 54.040, 53.450, 53.610, 54.055, 1631577600),
(1116, 15, 53.995, 53.780, 54.025, 54.125, 1631491200),
(1117, 15, 53.940, 53.325, 53.370, 53.970, 1631232000),
(1118, 15, 54.165, 53.870, 53.935, 54.205, 1631145600),
(1119, 15, 54.100, 54.055, 54.200, 54.495, 1631059200),
(1120, 15, 54.190, 53.910, 53.955, 54.195, 1630972800),
(1121, 15, 54.590, 54.230, 54.395, 54.605, 1630627200),
(1122, 15, 54.355, 54.235, 54.440, 54.545, 1630540800),
(1123, 15, 53.995, 53.865, 54.015, 54.215, 1630454400),
(1124, 15, 53.670, 53.510, 53.660, 53.680, 1630368000),
(1125, 15, 54.205, 53.470, 53.650, 54.205, 1630281600),
(1126, 15, 53.265, 53.110, 53.555, 53.715, 1630022400),
(1127, 15, 53.175, 52.960, 52.970, 53.190, 1629936000),
(1128, 15, 53.330, 53.200, 53.415, 53.495, 1629849600),
(1129, 15, 53.150, 53.015, 53.210, 53.375, 1629763200),
(1130, 15, 53.145, 53.025, 53.280, 53.295, 1629676800),
(1131, 15, 52.350, 52.260, 52.775, 52.905, 1629417600),
(1132, 15, 52.505, 52.415, 52.800, 52.830, 1629331200),
(1133, 15, 53.060, 52.695, 52.700, 53.150, 1629244800),
(1134, 15, 52.920, 52.565, 52.815, 53.055, 1629158400),
(1135, 15, 53.135, 53.080, 53.450, 53.460, 1629072000),
(1136, 15, 53.190, 53.130, 53.360, 53.430, 1628812800),
(1137, 15, 53.135, 53.020, 53.185, 53.195, 1628726400),
(1138, 15, 53.000, 52.955, 53.075, 53.205, 1628640000),
(1139, 15, 52.655, 52.615, 52.750, 52.920, 1628553600),
(1140, 15, 52.845, 52.565, 52.650, 52.865, 1628467200),
(1141, 17, 52.890, 52.810, 54.500, 55.705, 1635724800),
(1142, 17, 52.760, 52.295, 52.565, 53.000, 1635465600),
(1143, 17, 51.960, 51.825, 52.525, 52.565, 1635379200),
(1144, 17, 52.630, 51.560, 51.565, 52.645, 1635292800),
(1145, 17, 54.010, 52.725, 52.725, 54.010, 1635206400),
(1146, 17, 51.800, 51.800, 53.840, 53.885, 1635120000),
(1147, 17, 53.290, 52.785, 53.030, 53.345, 1634860800),
(1148, 17, 52.795, 52.615, 53.070, 53.270, 1634774400),
(1149, 17, 51.610, 51.610, 52.775, 52.930, 1634688000),
(1150, 17, 53.755, 51.610, 51.610, 53.755, 1634601600),
(1151, 17, 52.065, 51.745, 52.250, 52.330, 1634515200),
(1152, 17, 52.645, 51.940, 51.975, 52.935, 1634256000),
(1153, 17, 53.185, 51.900, 52.230, 53.185, 1634169600),
(1154, 17, 51.890, 51.125, 51.725, 52.020, 1634083200),
(1155, 17, 51.780, 51.655, 51.835, 52.120, 1633996800),
(1156, 17, 51.875, 51.650, 51.650, 52.470, 1633910400),
(1157, 17, 52.465, 51.935, 51.935, 52.730, 1633651200),
(1158, 17, 51.360, 51.360, 52.135, 52.455, 1633564800),
(1159, 17, 51.105, 50.340, 51.300, 51.420, 1633478400),
(1160, 17, 51.595, 51.130, 51.130, 53.240, 1633392000),
(1161, 17, 51.740, 51.005, 51.005, 51.795, 1633305600),
(1162, 17, 51.255, 50.325, 50.760, 51.765, 1633046400),
(1163, 17, 51.510, 50.205, 50.205, 51.690, 1632960000),
(1164, 17, 51.340, 50.790, 50.790, 51.650, 1632873600),
(1165, 17, 50.855, 50.650, 50.650, 52.035, 1632787200),
(1166, 17, 50.420, 50.420, 50.925, 52.175, 1632700800),
(1167, 17, 50.100, 49.210, 49.210, 50.710, 1632441600),
(1168, 17, 50.500, 49.605, 51.670, 51.670, 1632355200),
(1169, 17, 49.195, 48.840, 49.395, 49.900, 1632268800),
(1170, 17, 48.895, 48.005, 48.480, 49.020, 1632182400),
(1171, 17, 48.840, 47.830, 48.565, 48.840, 1632096000),
(1172, 17, 49.250, 49.240, 49.665, 49.885, 1631836800),
(1173, 17, 49.750, 49.290, 49.575, 49.920, 1631750400),
(1174, 17, 48.960, 48.955, 49.695, 49.780, 1631664000),
(1175, 17, 49.945, 48.770, 48.995, 50.050, 1631577600),
(1176, 17, 50.380, 49.210, 49.755, 50.380, 1631491200),
(1177, 17, 49.180, 49.180, 49.430, 50.845, 1631232000),
(1178, 17, 49.500, 49.390, 49.835, 50.110, 1631145600),
(1179, 17, 50.790, 49.295, 50.795, 50.795, 1631059200),
(1180, 17, 50.815, 50.210, 50.230, 51.175, 1630972800),
(1181, 17, 51.670, 50.535, 50.735, 51.870, 1630627200),
(1182, 17, 50.710, 50.710, 51.550, 52.925, 1630540800),
(1183, 17, 50.150, 50.150, 52.265, 52.265, 1630454400),
(1184, 17, 50.685, 50.355, 50.695, 50.945, 1630368000),
(1185, 17, 51.300, 50.135, 50.825, 51.585, 1630281600),
(1186, 17, 49.890, 49.810, 51.405, 51.405, 1630022400),
(1187, 17, 49.445, 49.445, 49.875, 50.455, 1629936000),
(1188, 17, 50.805, 50.175, 50.485, 50.875, 1629849600),
(1189, 17, 49.885, 49.825, 50.295, 50.460, 1629763200),
(1190, 17, 48.750, 48.750, 49.695, 49.790, 1629676800),
(1191, 17, 48.280, 48.120, 49.115, 49.165, 1629417600),
(1192, 17, 49.470, 47.850, 48.210, 49.470, 1629331200),
(1193, 17, 49.255, 48.885, 48.915, 49.850, 1629244800),
(1194, 17, 49.895, 48.800, 49.390, 49.895, 1629158400),
(1195, 17, 50.210, 49.650, 50.355, 50.525, 1629072000),
(1196, 17, 49.860, 49.860, 50.520, 51.015, 1628812800),
(1197, 17, 51.190, 50.560, 51.015, 51.370, 1628726400),
(1198, 17, 49.590, 49.590, 51.240, 51.245, 1628640000),
(1199, 17, 49.765, 49.505, 50.595, 50.685, 1628553600),
(1200, 17, 49.950, 49.435, 49.770, 50.055, 1628467200),
(1201, 20, 140.110, 138.440, 138.495, 140.110, 1635724800),
(1202, 20, 137.930, 137.455, 138.495, 138.495, 1635465600),
(1203, 20, 139.010, 137.830, 138.495, 139.010, 1635379200),
(1204, 20, 138.415, 136.590, 136.590, 138.915, 1635292800),
(1205, 20, 139.290, 138.325, 138.415, 139.395, 1635206400),
(1206, 20, 138.270, 138.210, 138.685, 138.850, 1635120000),
(1207, 20, 138.480, 137.620, 137.620, 139.060, 1634860800),
(1208, 20, 138.115, 137.900, 138.190, 138.615, 1634774400),
(1209, 20, 139.350, 138.385, 138.910, 139.460, 1634688000),
(1210, 20, 138.665, 138.285, 138.540, 138.955, 1634601600),
(1211, 20, 138.110, 136.875, 137.475, 138.115, 1634515200),
(1212, 20, 136.225, 136.125, 137.690, 137.835, 1634256000),
(1213, 20, 135.605, 135.575, 135.975, 136.800, 1634169600),
(1214, 20, 133.150, 133.150, 135.180, 135.475, 1634083200),
(1215, 20, 133.460, 133.205, 134.255, 134.255, 1633996800),
(1216, 20, 135.440, 133.185, 133.500, 135.440, 1633910400),
(1217, 20, 134.875, 133.465, 133.690, 134.900, 1633651200),
(1218, 20, 133.650, 132.795, 133.850, 134.310, 1633564800),
(1219, 20, 130.985, 130.665, 132.380, 132.385, 1633478400),
(1220, 20, 132.950, 132.730, 133.440, 133.800, 1633392000),
(1221, 20, 135.510, 132.085, 132.615, 135.510, 1633305600),
(1222, 20, 135.510, 132.945, 135.510, 135.510, 1633046400),
(1223, 20, 135.510, 133.400, 135.510, 135.510, 1632960000),
(1224, 20, 134.145, 133.080, 133.180, 134.530, 1632873600),
(1225, 20, 135.090, 134.070, 134.355, 135.460, 1632787200),
(1226, 20, 136.990, 136.820, 137.405, 137.605, 1632700800),
(1227, 20, 137.135, 136.760, 138.835, 138.835, 1632441600),
(1228, 20, 138.315, 138.250, 138.740, 139.115, 1632355200),
(1229, 20, 136.700, 136.265, 137.145, 138.235, 1632268800),
(1230, 20, 136.250, 135.595, 136.130, 136.730, 1632182400),
(1231, 20, 136.495, 134.140, 135.165, 136.500, 1632096000),
(1232, 20, 139.770, 138.520, 138.805, 139.860, 1631836800),
(1233, 20, 139.920, 139.410, 143.380, 143.380, 1631750400),
(1234, 20, 140.120, 140.040, 144.225, 144.225, 1631664000),
(1235, 20, 141.210, 140.225, 140.295, 141.265, 1631577600),
(1236, 20, 140.970, 139.705, 139.705, 141.075, 1631491200),
(1237, 20, 141.085, 139.955, 140.065, 141.355, 1631232000),
(1238, 20, 139.850, 139.550, 140.105, 140.600, 1631145600),
(1239, 20, 140.265, 139.270, 139.470, 140.635, 1631059200),
(1240, 20, 141.575, 141.095, 141.155, 141.850, 1630972800),
(1241, 20, 142.200, 141.695, 141.950, 142.250, 1630627200),
(1242, 20, 141.260, 141.100, 141.465, 141.750, 1630540800),
(1243, 20, 143.655, 140.455, 140.795, 143.655, 1630454400),
(1244, 20, 138.980, 138.980, 143.655, 143.655, 1630368000),
(1245, 20, 139.390, 138.500, 138.500, 139.770, 1630281600),
(1246, 20, 137.650, 137.540, 139.230, 139.375, 1630022400),
(1247, 20, 137.730, 137.105, 139.900, 139.900, 1629936000),
(1248, 20, 137.775, 137.275, 137.745, 138.335, 1629849600),
(1249, 20, 136.275, 136.275, 137.235, 137.750, 1629763200),
(1250, 20, 135.040, 135.040, 136.175, 136.565, 1629676800),
(1251, 20, 130.625, 130.625, 134.490, 134.535, 1629417600),
(1252, 20, 134.855, 133.455, 136.375, 136.375, 1629331200),
(1253, 20, 136.435, 135.510, 135.755, 136.825, 1629244800),
(1254, 20, 139.500, 134.785, 136.275, 139.500, 1629158400),
(1255, 20, 139.500, 137.075, 139.500, 139.500, 1629072000),
(1256, 20, 138.460, 137.670, 137.810, 140.170, 1628812800),
(1257, 20, 138.460, 137.935, 138.460, 138.625, 1628726400),
(1258, 20, 138.105, 138.085, 138.460, 138.715, 1628640000),
(1259, 20, 138.105, 137.625, 138.105, 138.105, 1628553600),
(1260, 20, 135.380, 135.380, 138.105, 138.365, 1628467200),
(1261, 21, 52.890, 52.810, 54.500, 55.705, 1635724800),
(1262, 21, 52.760, 52.295, 52.565, 53.000, 1635465600),
(1263, 21, 51.960, 51.825, 52.525, 52.565, 1635379200),
(1264, 21, 52.630, 51.560, 51.565, 52.645, 1635292800),
(1265, 21, 54.010, 52.725, 52.725, 54.010, 1635206400),
(1266, 21, 51.800, 51.800, 53.840, 53.885, 1635120000),
(1267, 21, 53.290, 52.785, 53.030, 53.345, 1634860800),
(1268, 21, 52.795, 52.615, 53.070, 53.270, 1634774400),
(1269, 21, 51.610, 51.610, 52.775, 52.930, 1634688000),
(1270, 21, 53.755, 51.610, 51.610, 53.755, 1634601600),
(1271, 21, 52.065, 51.745, 52.250, 52.330, 1634515200),
(1272, 21, 52.645, 51.940, 51.975, 52.935, 1634256000),
(1273, 21, 53.185, 51.900, 52.230, 53.185, 1634169600),
(1274, 21, 51.890, 51.125, 51.725, 52.020, 1634083200),
(1275, 21, 51.780, 51.655, 51.835, 52.120, 1633996800),
(1276, 21, 51.875, 51.650, 51.650, 52.470, 1633910400),
(1277, 21, 52.465, 51.935, 51.935, 52.730, 1633651200),
(1278, 21, 51.360, 51.360, 52.135, 52.455, 1633564800),
(1279, 21, 51.105, 50.340, 51.300, 51.420, 1633478400),
(1280, 21, 51.595, 51.130, 51.130, 53.240, 1633392000),
(1281, 21, 51.740, 51.005, 51.005, 51.795, 1633305600),
(1282, 21, 51.255, 50.325, 50.760, 51.765, 1633046400),
(1283, 21, 51.510, 50.205, 50.205, 51.690, 1632960000),
(1284, 21, 51.340, 50.790, 50.790, 51.650, 1632873600),
(1285, 21, 50.855, 50.650, 50.650, 52.035, 1632787200),
(1286, 21, 50.420, 50.420, 50.925, 52.175, 1632700800),
(1287, 21, 50.100, 49.210, 49.210, 50.710, 1632441600),
(1288, 21, 50.500, 49.605, 51.670, 51.670, 1632355200),
(1289, 21, 49.195, 48.840, 49.395, 49.900, 1632268800),
(1290, 21, 48.895, 48.005, 48.480, 49.020, 1632182400),
(1291, 21, 48.840, 47.830, 48.565, 48.840, 1632096000),
(1292, 21, 49.250, 49.240, 49.665, 49.885, 1631836800),
(1293, 21, 49.750, 49.290, 49.575, 49.920, 1631750400),
(1294, 21, 48.960, 48.955, 49.695, 49.780, 1631664000),
(1295, 21, 49.945, 48.770, 48.995, 50.050, 1631577600),
(1296, 21, 50.380, 49.210, 49.755, 50.380, 1631491200),
(1297, 21, 49.180, 49.180, 49.430, 50.845, 1631232000),
(1298, 21, 49.500, 49.390, 49.835, 50.110, 1631145600),
(1299, 21, 50.790, 49.295, 50.795, 50.795, 1631059200),
(1300, 21, 50.815, 50.210, 50.230, 51.175, 1630972800),
(1301, 21, 51.670, 50.535, 50.735, 51.870, 1630627200),
(1302, 21, 50.710, 50.710, 51.550, 52.925, 1630540800),
(1303, 21, 50.150, 50.150, 52.265, 52.265, 1630454400),
(1304, 21, 50.685, 50.355, 50.695, 50.945, 1630368000),
(1305, 21, 51.300, 50.135, 50.825, 51.585, 1630281600),
(1306, 21, 49.890, 49.810, 51.405, 51.405, 1630022400),
(1307, 21, 49.445, 49.445, 49.875, 50.455, 1629936000),
(1308, 21, 50.805, 50.175, 50.485, 50.875, 1629849600),
(1309, 21, 49.885, 49.825, 50.295, 50.460, 1629763200),
(1310, 21, 48.750, 48.750, 49.695, 49.790, 1629676800),
(1311, 21, 48.280, 48.120, 49.115, 49.165, 1629417600),
(1312, 21, 49.470, 47.850, 48.210, 49.470, 1629331200),
(1313, 21, 49.255, 48.885, 48.915, 49.850, 1629244800),
(1314, 21, 49.895, 48.800, 49.390, 49.895, 1629158400),
(1315, 21, 50.210, 49.650, 50.355, 50.525, 1629072000),
(1316, 21, 49.860, 49.860, 50.520, 51.015, 1628812800),
(1317, 21, 51.190, 50.560, 51.015, 51.370, 1628726400),
(1318, 21, 49.590, 49.590, 51.240, 51.245, 1628640000),
(1319, 21, 49.765, 49.505, 50.595, 50.685, 1628553600),
(1320, 21, 49.950, 49.435, 49.770, 50.055, 1628467200),
(1321, 22, 50.620, 50.555, 51.200, 51.500, 1635724800),
(1322, 22, 50.910, 50.455, 50.900, 52.150, 1635465600),
(1323, 22, 51.255, 50.925, 51.315, 52.155, 1635379200),
(1324, 22, 52.150, 51.250, 51.575, 52.350, 1635292800),
(1325, 22, 52.025, 51.565, 51.800, 52.335, 1635206400),
(1326, 22, 52.340, 51.550, 52.075, 52.830, 1635120000),
(1327, 22, 52.340, 51.565, 51.770, 52.340, 1634860800),
(1328, 22, 52.840, 51.740, 51.740, 52.840, 1634774400),
(1329, 22, 52.230, 52.185, 52.250, 52.490, 1634688000),
(1330, 22, 52.265, 51.985, 52.310, 52.445, 1634601600),
(1331, 22, 51.655, 51.325, 51.705, 52.340, 1634515200),
(1332, 22, 52.615, 51.300, 51.570, 52.615, 1634256000),
(1333, 22, 51.310, 51.025, 51.300, 52.190, 1634169600),
(1334, 22, 50.800, 50.045, 51.150, 51.955, 1634083200),
(1335, 22, 50.530, 50.230, 50.450, 51.040, 1633996800),
(1336, 22, 51.125, 50.390, 50.895, 51.230, 1633910400),
(1337, 22, 50.460, 50.415, 50.505, 50.875, 1633651200),
(1338, 22, 50.420, 49.520, 50.600, 50.855, 1633564800),
(1339, 22, 49.020, 48.910, 50.425, 50.425, 1633478400),
(1340, 22, 49.540, 49.350, 49.570, 50.075, 1633392000),
(1341, 22, 49.295, 49.000, 49.485, 50.220, 1633305600),
(1342, 22, 50.550, 50.550, 50.550, 50.550, 1633132800),
(1343, 22, 49.320, 49.320, 50.080, 50.295, 1633046400),
(1344, 22, 50.170, 49.175, 50.035, 50.605, 1632960000),
(1345, 22, 50.190, 49.625, 49.885, 50.920, 1632873600),
(1346, 22, 50.680, 49.915, 50.035, 50.680, 1632787200),
(1347, 22, 50.595, 50.225, 50.565, 50.785, 1632700800),
(1348, 22, 52.270, 50.320, 50.575, 52.270, 1632441600),
(1349, 22, 52.200, 50.755, 51.280, 52.200, 1632355200),
(1350, 22, 50.375, 50.190, 51.155, 51.155, 1632268800),
(1351, 22, 50.190, 49.765, 49.870, 50.285, 1632182400),
(1352, 22, 50.200, 49.165, 49.775, 50.355, 1632096000),
(1353, 22, 51.575, 51.295, 51.430, 52.575, 1631836800),
(1354, 22, 52.575, 51.335, 51.980, 52.575, 1631750400),
(1355, 22, 52.025, 51.825, 52.150, 52.825, 1631664000),
(1356, 22, 52.370, 52.065, 52.215, 52.515, 1631577600),
(1357, 22, 52.515, 52.435, 52.635, 52.840, 1631491200),
(1358, 22, 52.750, 52.490, 52.495, 53.330, 1631232000),
(1359, 22, 52.020, 52.020, 52.595, 52.775, 1631145600),
(1360, 22, 53.000, 52.325, 52.405, 53.165, 1631059200),
(1361, 22, 52.640, 52.500, 53.075, 53.445, 1630972800),
(1362, 22, 53.000, 52.610, 52.890, 53.020, 1630627200),
(1363, 22, 53.000, 52.575, 52.795, 53.000, 1630540800),
(1364, 22, 53.600, 52.285, 52.750, 53.600, 1630454400),
(1365, 22, 53.170, 51.875, 52.380, 53.170, 1630368000),
(1366, 22, 50.450, 50.450, 51.600, 51.875, 1630281600),
(1367, 22, 51.010, 50.585, 51.425, 51.465, 1630022400),
(1368, 22, 51.010, 50.520, 50.745, 51.105, 1629936000),
(1369, 22, 51.245, 50.665, 51.115, 51.505, 1629849600),
(1370, 22, 51.110, 50.315, 51.300, 51.310, 1629763200),
(1371, 22, 49.560, 49.430, 50.280, 50.280, 1629676800),
(1372, 22, 49.160, 48.720, 49.295, 49.445, 1629417600),
(1373, 22, 49.535, 49.115, 49.405, 49.535, 1629331200),
(1374, 22, 50.535, 49.950, 50.190, 50.745, 1629244800),
(1375, 22, 51.750, 49.825, 49.950, 51.750, 1629158400),
(1376, 22, 51.605, 50.775, 51.060, 51.605, 1629072000),
(1377, 22, 51.760, 51.085, 51.375, 51.760, 1628812800),
(1378, 22, 52.200, 51.205, 51.470, 52.200, 1628726400),
(1379, 22, 51.245, 51.245, 51.665, 52.075, 1628640000),
(1380, 22, 51.500, 51.260, 51.570, 51.885, 1628553600),
(1381, 24, 50.845, 50.600, 51.300, 51.400, 1635724800),
(1382, 24, 51.195, 50.655, 50.940, 51.535, 1635465600),
(1383, 24, 51.645, 51.255, 51.585, 52.055, 1635379200),
(1384, 24, 51.815, 51.525, 51.735, 52.195, 1635292800),
(1385, 24, 52.425, 51.875, 52.005, 52.775, 1635206400),
(1386, 24, 51.910, 51.910, 52.265, 52.615, 1635120000),
(1387, 24, 52.255, 51.845, 51.985, 52.635, 1634860800),
(1388, 24, 52.175, 51.600, 52.165, 52.400, 1634774400),
(1389, 24, 52.455, 52.010, 52.420, 52.720, 1634688000),
(1390, 24, 52.390, 51.870, 52.425, 52.600, 1634601600),
(1391, 24, 52.105, 51.235, 51.945, 52.105, 1634515200),
(1392, 24, 51.745, 51.230, 51.840, 52.080, 1634256000),
(1393, 24, 51.400, 51.135, 51.460, 51.670, 1634169600),
(1394, 24, 50.900, 50.520, 51.360, 51.360, 1634083200),
(1395, 24, 50.445, 50.205, 50.355, 50.905, 1633996800),
(1396, 24, 51.160, 50.650, 50.725, 51.445, 1633910400),
(1397, 24, 50.935, 50.315, 50.720, 51.020, 1633651200),
(1398, 24, 50.360, 50.180, 50.700, 50.865, 1633564800),
(1399, 24, 49.355, 48.995, 49.670, 49.760, 1633478400),
(1400, 24, 49.635, 49.445, 49.810, 50.125, 1633392000),
(1401, 24, 49.830, 49.285, 49.680, 50.290, 1633305600),
(1402, 24, 50.065, 49.760, 50.270, 50.600, 1633046400),
(1403, 24, 50.465, 49.945, 50.550, 50.770, 1632960000),
(1404, 24, 50.550, 49.965, 50.075, 50.945, 1632873600),
(1405, 24, 51.055, 50.270, 50.390, 51.195, 1632787200),
(1406, 24, 50.940, 50.655, 51.150, 51.235, 1632700800),
(1407, 24, 51.045, 50.620, 50.770, 51.255, 1632441600),
(1408, 24, 51.330, 51.115, 51.425, 51.965, 1632355200),
(1409, 24, 50.730, 50.270, 51.160, 51.345, 1632268800),
(1410, 24, 50.430, 50.145, 50.180, 50.950, 1632182400),
(1411, 24, 50.355, 49.575, 50.025, 50.865, 1632096000),
(1412, 24, 51.410, 51.125, 51.145, 51.765, 1631836800),
(1413, 24, 51.560, 51.255, 51.425, 51.625, 1631750400),
(1414, 24, 51.910, 51.780, 52.335, 52.560, 1631664000),
(1415, 24, 52.275, 52.095, 52.270, 52.740, 1631577600),
(1416, 24, 52.410, 52.310, 52.800, 52.850, 1631491200),
(1417, 24, 53.000, 52.400, 52.405, 53.160, 1631232000),
(1418, 24, 52.210, 52.065, 52.420, 52.725, 1631145600),
(1419, 24, 52.895, 52.535, 52.575, 53.370, 1631059200),
(1420, 24, 53.585, 53.220, 53.420, 53.610, 1630972800),
(1421, 24, 52.715, 52.715, 53.105, 53.325, 1630627200),
(1422, 24, 52.900, 52.470, 52.830, 53.195, 1630540800),
(1423, 24, 52.850, 52.285, 53.000, 53.275, 1630454400),
(1424, 24, 52.385, 51.950, 52.600, 52.635, 1630368000),
(1425, 24, 51.620, 51.420, 51.780, 51.840, 1630281600),
(1426, 24, 51.230, 51.040, 51.635, 51.700, 1630022400),
(1427, 24, 51.610, 50.885, 51.000, 51.610, 1629936000),
(1428, 24, 51.400, 51.205, 51.460, 51.595, 1629849600),
(1429, 24, 50.910, 50.575, 51.385, 51.530, 1629763200),
(1430, 24, 49.735, 49.620, 50.435, 50.435, 1629676800),
(1431, 24, 48.910, 48.645, 49.595, 49.680, 1629417600),
(1432, 24, 49.500, 49.165, 49.615, 49.760, 1629331200),
(1433, 24, 50.745, 50.200, 50.250, 50.980, 1629244800),
(1434, 24, 50.375, 50.115, 50.360, 50.615, 1629158400),
(1435, 24, 51.250, 51.045, 51.310, 51.565, 1629072000),
(1436, 24, 51.580, 51.315, 51.645, 51.750, 1628812800),
(1437, 24, 51.960, 51.655, 51.800, 52.420, 1628726400),
(1438, 24, 52.100, 51.950, 52.325, 52.595, 1628640000),
(1439, 24, 52.415, 52.100, 52.255, 52.480, 1628553600),
(1440, 24, 52.060, 51.905, 52.195, 52.450, 1628467200),
(1441, 25, 121.410, 121.110, 125.425, 125.495, 1635724800),
(1442, 25, 120.960, 120.455, 121.390, 122.050, 1635465600),
(1443, 25, 119.040, 117.750, 121.370, 122.215, 1635379200),
(1444, 25, 121.605, 117.895, 118.355, 121.865, 1635292800),
(1445, 25, 121.425, 120.305, 120.895, 124.465, 1635206400),
(1446, 25, 117.605, 117.560, 121.800, 122.275, 1635120000),
(1447, 25, 119.300, 116.700, 117.555, 119.700, 1634860800),
(1448, 25, 118.735, 118.060, 118.745, 120.755, 1634774400),
(1449, 25, 119.550, 118.100, 118.200, 120.380, 1634688000),
(1450, 25, 116.755, 116.545, 119.430, 120.180, 1634601600),
(1451, 25, 115.650, 114.605, 117.110, 117.300, 1634515200),
(1452, 25, 116.505, 115.310, 115.880, 117.460, 1634256000),
(1453, 25, 114.235, 114.145, 115.575, 116.570, 1634169600),
(1454, 25, 111.695, 111.580, 113.690, 114.045, 1634083200),
(1455, 25, 110.150, 109.685, 111.470, 112.330, 1633996800),
(1456, 25, 110.650, 109.615, 110.075, 112.055, 1633910400),
(1457, 25, 112.525, 110.350, 110.425, 113.525, 1633651200),
(1458, 25, 108.920, 108.920, 112.560, 113.380, 1633564800),
(1459, 25, 105.850, 105.850, 110.735, 110.900, 1633478400),
(1460, 25, 106.895, 106.825, 109.365, 110.230, 1633392000),
(1461, 25, 112.350, 106.350, 107.595, 112.350, 1633305600),
(1462, 25, 110.545, 109.160, 111.400, 111.785, 1633046400),
(1463, 25, 111.400, 110.005, 110.870, 111.695, 1632960000),
(1464, 25, 113.445, 109.610, 110.155, 113.925, 1632873600),
(1465, 25, 115.515, 111.815, 112.260, 115.895, 1632787200),
(1466, 25, 116.855, 114.605, 116.600, 118.100, 1632700800),
(1467, 25, 118.650, 116.265, 117.315, 119.420, 1632441600),
(1468, 25, 119.055, 118.130, 119.625, 119.995, 1632355200),
(1469, 25, 117.450, 116.930, 118.515, 118.975, 1632268800),
(1470, 25, 117.570, 116.220, 116.675, 119.050, 1632182400),
(1471, 25, 119.055, 114.445, 116.140, 119.885, 1632096000),
(1472, 25, 118.500, 117.855, 120.550, 121.485, 1631836800),
(1473, 25, 118.245, 116.410, 118.525, 118.940, 1631750400),
(1474, 25, 117.500, 115.605, 118.080, 118.200, 1631664000),
(1475, 25, 117.840, 116.475, 117.015, 119.540, 1631577600),
(1476, 25, 120.505, 116.150, 118.375, 121.820, 1631491200),
(1477, 25, 121.760, 120.055, 120.260, 123.145, 1631232000),
(1478, 25, 120.575, 120.045, 121.460, 123.455, 1631145600),
(1479, 25, 124.345, 120.365, 121.045, 124.750, 1631059200),
(1480, 25, 125.300, 124.180, 124.540, 126.320, 1630972800),
(1481, 25, 124.945, 123.865, 125.095, 125.615, 1630627200),
(1482, 25, 123.725, 123.665, 124.765, 125.340, 1630540800),
(1483, 25, 122.800, 122.200, 123.725, 124.735, 1630454400),
(1484, 25, 123.380, 120.705, 121.615, 123.385, 1630368000),
(1485, 25, 121.340, 121.100, 122.275, 123.265, 1630281600),
(1486, 25, 119.730, 119.090, 122.210, 122.385, 1630022400),
(1487, 25, 122.445, 118.815, 119.070, 122.445, 1629936000),
(1488, 25, 122.755, 120.195, 120.955, 122.755, 1629849600),
(1489, 25, 120.005, 119.255, 120.950, 121.275, 1629763200),
(1490, 25, 116.810, 116.410, 119.775, 119.965, 1629676800),
(1491, 25, 114.005, 113.215, 115.775, 116.165, 1629417600),
(1492, 25, 114.770, 113.370, 113.765, 116.140, 1629331200),
(1493, 25, 117.500, 114.705, 115.605, 117.965, 1629244800),
(1494, 25, 117.750, 114.235, 115.585, 117.750, 1629158400),
(1495, 25, 119.800, 115.245, 116.880, 120.030, 1629072000),
(1496, 25, 122.350, 119.915, 120.105, 122.490, 1628812800),
(1497, 25, 120.745, 120.580, 121.675, 122.265, 1628726400),
(1498, 25, 122.095, 119.365, 121.090, 123.350, 1628640000),
(1499, 25, 125.265, 121.350, 121.515, 125.545, 1628553600),
(1500, 25, 123.030, 122.700, 124.650, 125.460, 1628467200),
(1501, 26, 91.365, 90.280, 95.105, 95.105, 1635724800),
(1502, 26, 91.090, 89.695, 91.090, 91.395, 1635465600),
(1503, 26, 88.430, 87.990, 90.870, 91.600, 1635379200),
(1504, 26, 91.210, 88.165, 88.670, 91.650, 1635292800),
(1505, 26, 91.880, 90.365, 90.645, 92.715, 1635206400),
(1506, 26, 89.395, 88.520, 91.600, 91.600, 1635120000),
(1507, 26, 90.290, 87.230, 88.640, 91.360, 1634860800),
(1508, 26, 89.005, 87.555, 89.795, 90.205, 1634774400),
(1509, 26, 88.655, 86.975, 89.295, 90.285, 1634688000),
(1510, 26, 87.715, 87.350, 88.230, 90.155, 1634601600),
(1511, 26, 88.770, 86.175, 87.400, 90.055, 1634515200),
(1512, 26, 91.405, 89.120, 89.435, 92.400, 1634256000),
(1513, 26, 89.520, 89.205, 91.760, 91.865, 1634169600),
(1514, 26, 87.670, 87.265, 88.080, 89.000, 1634083200),
(1515, 26, 86.505, 86.425, 87.910, 89.015, 1633996800),
(1516, 26, 86.565, 85.440, 87.915, 89.225, 1633910400),
(1517, 26, 88.590, 86.195, 87.250, 90.600, 1633651200),
(1518, 26, 86.600, 86.220, 89.730, 89.945, 1633564800),
(1519, 26, 86.505, 85.485, 86.835, 87.635, 1633478400),
(1520, 26, 88.040, 88.040, 88.530, 90.260, 1633392000),
(1521, 26, 89.895, 87.445, 89.095, 90.340, 1633305600),
(1522, 26, 91.705, 91.705, 91.705, 91.705, 1633132800),
(1523, 26, 93.985, 87.400, 91.705, 95.910, 1633046400),
(1524, 26, 95.980, 93.750, 95.545, 97.065, 1632960000),
(1525, 26, 96.985, 94.165, 94.990, 97.825, 1632873600),
(1526, 26, 98.565, 94.870, 96.750, 99.920, 1632787200),
(1527, 26, 103.525, 100.240, 101.250, 104.890, 1632700800),
(1528, 26, 105.825, 102.805, 103.800, 106.245, 1632441600),
(1529, 26, 105.040, 104.385, 107.245, 108.095, 1632355200),
(1530, 26, 104.945, 102.435, 104.825, 105.315, 1632268800),
(1531, 26, 103.780, 102.825, 103.295, 105.570, 1632182400),
(1532, 26, 103.990, 100.480, 103.345, 105.440, 1632096000),
(1533, 26, 105.785, 102.935, 105.920, 107.450, 1631836800),
(1534, 26, 104.520, 102.835, 105.355, 106.005, 1631750400),
(1535, 26, 103.120, 102.880, 104.715, 105.365, 1631664000),
(1536, 26, 103.350, 102.210, 103.580, 105.725, 1631577600),
(1537, 26, 106.670, 102.395, 103.340, 107.445, 1631491200),
(1538, 26, 107.460, 104.465, 105.235, 108.985, 1631232000),
(1539, 26, 105.960, 105.355, 106.370, 108.760, 1631145600),
(1540, 26, 108.200, 104.865, 105.755, 109.005, 1631059200),
(1541, 26, 108.370, 106.225, 108.225, 109.480, 1630972800),
(1542, 26, 110.365, 107.395, 108.670, 110.365, 1630627200),
(1543, 26, 107.115, 105.090, 110.325, 110.355, 1630540800),
(1544, 26, 105.905, 104.370, 104.400, 107.870, 1630454400),
(1545, 26, 104.825, 103.485, 104.550, 106.145, 1630368000),
(1546, 26, 104.515, 102.500, 104.365, 106.130, 1630281600),
(1547, 26, 104.160, 102.530, 106.025, 106.450, 1630022400),
(1548, 26, 104.705, 102.555, 103.980, 106.545, 1629936000),
(1549, 26, 104.200, 102.115, 105.200, 105.370, 1629849600),
(1550, 26, 105.610, 102.135, 104.080, 105.720, 1629763200),
(1551, 26, 99.905, 98.585, 107.725, 107.725, 1629676800),
(1552, 26, 94.500, 94.135, 98.295, 99.365, 1629417600),
(1553, 26, 98.460, 95.140, 98.120, 99.315, 1629331200),
(1554, 26, 103.320, 100.160, 101.165, 105.940, 1629244800),
(1555, 26, 98.845, 96.885, 104.215, 104.215, 1629158400),
(1556, 26, 101.735, 96.585, 102.170, 102.170, 1629072000),
(1557, 26, 102.750, 101.495, 105.020, 105.020, 1628812800),
(1558, 26, 101.310, 99.900, 103.510, 104.410, 1628726400),
(1559, 26, 106.525, 98.870, 100.885, 108.825, 1628640000),
(1560, 26, 111.255, 104.960, 105.500, 112.210, 1628553600),
(1561, 27, 30.385, 29.950, 30.390, 30.710, 1635724800),
(1562, 27, 30.365, 29.845, 29.880, 30.475, 1635465600),
(1563, 27, 30.390, 29.905, 30.140, 30.885, 1635379200),
(1564, 27, 31.725, 30.075, 30.620, 31.725, 1635292800),
(1565, 27, 30.625, 30.625, 30.980, 31.320, 1635206400),
(1566, 27, 31.125, 30.245, 30.245, 31.130, 1635120000),
(1567, 27, 30.705, 30.545, 30.620, 31.125, 1634860800),
(1568, 27, 31.565, 30.990, 31.215, 31.565, 1634774400),
(1569, 27, 31.440, 30.345, 30.350, 31.440, 1634688000),
(1570, 27, 30.755, 30.735, 31.155, 31.155, 1634601600),
(1571, 27, 31.030, 30.125, 30.125, 31.030, 1634515200),
(1572, 27, 30.255, 30.175, 30.250, 30.655, 1634256000),
(1573, 27, 30.630, 30.130, 30.395, 30.770, 1634169600),
(1574, 27, 29.625, 29.575, 29.575, 30.235, 1634083200),
(1575, 27, 29.625, 29.400, 29.400, 29.960, 1633996800),
(1576, 27, 30.170, 29.425, 29.425, 30.170, 1633910400),
(1577, 27, 29.790, 29.620, 29.700, 30.245, 1633651200),
(1578, 27, 30.750, 29.925, 30.025, 30.750, 1633564800),
(1579, 27, 29.605, 29.410, 29.740, 29.960, 1633478400),
(1580, 27, 31.025, 30.060, 30.510, 31.025, 1633392000),
(1581, 27, 30.455, 29.810, 31.095, 31.345, 1633305600),
(1582, 27, 30.370, 30.370, 31.090, 31.185, 1633046400),
(1583, 27, 30.500, 29.625, 29.625, 30.560, 1632960000),
(1584, 27, 31.390, 30.135, 30.750, 31.390, 1632873600),
(1585, 27, 30.700, 30.510, 31.175, 31.235, 1632787200),
(1586, 27, 31.455, 30.750, 30.750, 31.740, 1632700800),
(1587, 27, 31.925, 31.470, 31.830, 31.925, 1632441600),
(1588, 27, 31.090, 31.060, 31.875, 32.180, 1632355200),
(1589, 27, 30.775, 30.775, 31.695, 31.950, 1632268800),
(1590, 27, 31.115, 30.530, 31.140, 31.405, 1632182400),
(1591, 27, 31.545, 30.175, 30.375, 31.545, 1632096000),
(1592, 27, 32.680, 31.450, 31.650, 32.680, 1631836800),
(1593, 27, 31.050, 30.980, 31.890, 31.890, 1631750400),
(1594, 27, 30.295, 30.290, 31.050, 31.160, 1631664000),
(1595, 27, 31.150, 30.520, 30.840, 31.370, 1631577600),
(1596, 27, 31.505, 30.600, 30.875, 31.505, 1631491200),
(1597, 27, 31.840, 30.490, 30.520, 31.925, 1631232000),
(1598, 27, 31.625, 30.670, 31.770, 31.895, 1631145600),
(1599, 27, 31.625, 31.220, 31.320, 32.135, 1631059200),
(1600, 27, 31.275, 31.275, 32.210, 32.210, 1630972800),
(1601, 27, 31.370, 30.930, 30.930, 31.870, 1630627200),
(1602, 27, 31.370, 31.370, 31.415, 31.940, 1630540800),
(1603, 27, 30.710, 30.710, 31.425, 31.765, 1630454400),
(1604, 27, 30.830, 30.730, 31.150, 31.245, 1630368000),
(1605, 27, 30.590, 30.550, 30.575, 31.355, 1630281600),
(1606, 27, 30.725, 30.020, 31.090, 31.320, 1630022400),
(1607, 27, 30.130, 30.120, 30.390, 31.060, 1629936000),
(1608, 27, 29.950, 29.950, 30.540, 30.995, 1629849600),
(1609, 27, 29.145, 29.145, 30.020, 30.245, 1629763200),
(1610, 27, 28.730, 28.350, 29.500, 29.625, 1629676800),
(1611, 27, 28.000, 28.000, 28.270, 28.590, 1629417600),
(1612, 27, 28.530, 28.000, 28.000, 28.530, 1629331200),
(1613, 27, 28.685, 28.435, 28.435, 28.980, 1629244800),
(1614, 27, 28.640, 28.170, 28.505, 29.350, 1629158400),
(1615, 27, 30.530, 29.075, 29.440, 30.530, 1629072000),
(1616, 27, 29.655, 29.655, 29.915, 30.225, 1628812800),
(1617, 27, 28.940, 28.940, 29.650, 30.055, 1628726400),
(1618, 27, 29.340, 29.280, 29.600, 29.695, 1628640000),
(1619, 27, 28.620, 28.620, 29.615, 29.790, 1628553600),
(1620, 27, 28.360, 28.075, 29.265, 29.320, 1628467200),
(1621, 1, 41.275, 41.245, 41.275, 41.315, 1635984000),
(1622, 1, 41.090, 41.090, 41.275, 41.315, 1635897600),
(1623, 1, 41.175, 40.940, 41.090, 41.240, 1635811200),
(1624, 2, 24.050, 24.045, 24.075, 24.090, 1635984000),
(1625, 2, 24.085, 24.010, 24.025, 24.095, 1635897600),
(1626, 2, 24.045, 24.025, 24.100, 24.100, 1635811200),
(1627, 3, 25.585, 25.585, 25.975, 26.035, 1635984000),
(1628, 3, 25.585, 25.585, 25.930, 25.975, 1635897600),
(1629, 3, 25.585, 25.515, 25.995, 26.065, 1635811200),
(1630, 4, 44.580, 44.250, 44.285, 44.585, 1635984000),
(1631, 4, 44.185, 43.955, 44.550, 44.550, 1635897600),
(1632, 4, 44.295, 44.050, 44.225, 44.435, 1635811200),
(1633, 5, 89.880, 89.095, 89.305, 89.880, 1635984000),
(1634, 5, 89.960, 88.000, 89.645, 90.165, 1635897600),
(1635, 5, 89.835, 87.805, 88.240, 89.835, 1635811200),
(1636, 6, 241.995, 239.355, 240.885, 242.095, 1635984000),
(1637, 6, 238.860, 238.250, 241.000, 241.050, 1635897600),
(1638, 6, 237.125, 236.960, 238.670, 238.925, 1635811200),
(1639, 7, 133.010, 133.010, 133.765, 133.825, 1635984000),
(1640, 7, 133.530, 132.875, 133.390, 133.750, 1635897600),
(1641, 7, 133.930, 132.880, 133.510, 133.930, 1635811200),
(1642, 8, 50.735, 50.090, 50.345, 50.950, 1635984000),
(1643, 8, 50.945, 50.375, 51.205, 51.695, 1635897600),
(1644, 8, 50.530, 49.885, 51.325, 51.325, 1635811200),
(1645, 9, 74.865, 73.075, 73.455, 75.275, 1635984000),
(1646, 9, 72.515, 72.515, 75.055, 75.255, 1635897600),
(1647, 9, 73.490, 72.425, 72.975, 73.745, 1635811200),
(1648, 10, 37.975, 37.685, 37.765, 38.165, 1635984000),
(1649, 10, 37.640, 37.550, 38.005, 38.175, 1635897600),
(1650, 10, 37.970, 37.525, 37.660, 38.145, 1635811200),
(1651, 11, 40.000, 39.195, 39.505, 40.115, 1635984000),
(1652, 11, 38.560, 38.390, 38.810, 39.585, 1635897600),
(1653, 11, 38.515, 38.350, 38.525, 38.770, 1635811200),
(1654, 12, 9.865, 9.805, 9.835, 9.915, 1635984000),
(1655, 12, 9.865, 9.790, 9.865, 9.875, 1635897600),
(1656, 12, 9.865, 9.815, 9.900, 9.935, 1635811200),
(1657, 13, 120.250, 118.305, 118.945, 120.595, 1635984000),
(1658, 13, 117.965, 117.965, 119.770, 121.175, 1635897600),
(1659, 13, 117.955, 117.620, 118.775, 119.680, 1635811200),
(1660, 14, 58.015, 57.905, 58.070, 58.700, 1635984000),
(1661, 14, 56.990, 56.875, 58.015, 58.055, 1635897600),
(1662, 14, 56.835, 56.560, 56.925, 57.260, 1635811200),
(1663, 15, 55.305, 54.945, 54.950, 55.360, 1635984000),
(1664, 15, 55.040, 54.935, 55.345, 55.360, 1635897600),
(1665, 15, 55.330, 55.155, 55.380, 55.400, 1635811200),
(1666, 16, 77.550, 77.305, 77.375, 77.550, 1635984000),
(1667, 16, 77.025, 76.865, 77.650, 77.695, 1635897600),
(1668, 16, 77.020, 76.940, 76.985, 77.135, 1635811200),
(1669, 17, 55.830, 55.160, 55.345, 56.055, 1635984000),
(1670, 17, 54.195, 53.970, 55.480, 55.835, 1635897600),
(1671, 17, 54.155, 53.595, 53.855, 54.245, 1635811200),
(1672, 18, 427.585, 427.530, 428.485, 429.360, 1635984000),
(1673, 18, 424.215, 423.690, 427.845, 428.015, 1635897600),
(1674, 18, 423.080, 422.365, 424.265, 424.965, 1635811200),
(1675, 19, 66.570, 65.515, 65.615, 66.570, 1635984000),
(1676, 19, 65.800, 65.155, 65.960, 66.060, 1635897600),
(1677, 19, 65.875, 65.190, 65.190, 65.875, 1635811200),
(1678, 20, 139.380, 138.725, 138.930, 139.665, 1635984000),
(1679, 20, 138.055, 137.740, 137.780, 143.060, 1635897600),
(1680, 20, 138.200, 137.905, 138.065, 138.610, 1635811200),
(1681, 21, 55.830, 55.160, 55.400, 56.055, 1635984000),
(1682, 21, 54.195, 53.970, 55.480, 55.835, 1635897600),
(1683, 21, 54.155, 53.595, 53.855, 54.245, 1635811200),
(1684, 22, 51.070, 50.725, 50.805, 52.035, 1635984000),
(1685, 22, 50.630, 50.485, 50.800, 51.065, 1635897600),
(1686, 22, 50.680, 50.525, 50.545, 51.115, 1635811200),
(1687, 23, 43.045, 42.990, 43.030, 43.200, 1635984000),
(1688, 23, 43.075, 43.065, 44.370, 44.370, 1635897600),
(1689, 23, 43.200, 43.115, 43.275, 44.410, 1635811200),
(1690, 24, 50.725, 50.725, 50.875, 51.540, 1635984000),
(1691, 24, 50.825, 50.615, 51.135, 51.175, 1635897600),
(1692, 24, 51.465, 50.715, 50.865, 51.465, 1635811200),
(1693, 25, 124.535, 123.305, 124.290, 125.815, 1635984000),
(1694, 25, 123.410, 121.375, 124.110, 124.665, 1635897600),
(1695, 25, 124.985, 121.865, 122.535, 125.565, 1635811200),
(1696, 26, 98.780, 93.485, 93.540, 98.960, 1635984000),
(1697, 26, 95.975, 93.440, 97.325, 99.195, 1635897600),
(1698, 26, 94.045, 91.625, 95.500, 96.300, 1635811200),
(1699, 27, 30.575, 29.550, 29.710, 30.585, 1635984000),
(1700, 27, 30.570, 29.790, 30.900, 30.900, 1635897600),
(1701, 27, 30.255, 29.865, 30.365, 30.490, 1635811200);

-- --------------------------------------------------------

--
-- Структура таблицы `products`
--

CREATE TABLE `products` (
  `product_id` bigint(19) UNSIGNED NOT NULL,
  `title` varchar(255) NOT NULL DEFAULT '',
  `risk_level` tinyint(1) UNSIGNED NOT NULL DEFAULT '0',
  `amount` int(11) UNSIGNED NOT NULL DEFAULT '0',
  `created` int(11) UNSIGNED NOT NULL DEFAULT '0'
) ENGINE=InnoDB DEFAULT CHARSET=utf8mb4;

--
-- Дамп данных таблицы `products`
--

INSERT INTO `products` (`product_id`, `title`, `risk_level`, `amount`, `created`) VALUES
(1, 'CatchUp', 2, 19372, 1636074530);

-- --------------------------------------------------------

--
-- Структура таблицы `product_instruments`
--

CREATE TABLE `product_instruments` (
  `id` bigint(19) UNSIGNED NOT NULL,
  `product_id` bigint(19) UNSIGNED NOT NULL DEFAULT '0',
  `instrument_id` bigint(19) UNSIGNED NOT NULL DEFAULT '0',
  `quantity` int(11) UNSIGNED NOT NULL DEFAULT '0',
  `created` int(11) UNSIGNED NOT NULL DEFAULT '0'
) ENGINE=InnoDB DEFAULT CHARSET=utf8mb4;

--
-- Дамп данных таблицы `product_instruments`
--

INSERT INTO `product_instruments` (`id`, `product_id`, `instrument_id`, `quantity`, `created`) VALUES
(1, 1, 10, 2, 1636074530),
(2, 1, 11, 1, 1636074530),
(3, 1, 12, 2, 1636074530),
(4, 1, 14, 1, 1636074530);

-- --------------------------------------------------------

--
-- Структура таблицы `sessions`
--

CREATE TABLE `sessions` (
  `sid` bigint(19) UNSIGNED NOT NULL,
  `user_id` bigint(19) UNSIGNED NOT NULL DEFAULT '0',
  `token` char(40) NOT NULL DEFAULT '',
  `status_access` tinyint(1) UNSIGNED NOT NULL DEFAULT '0',
  `tz` smallint(4) NOT NULL DEFAULT '0',
  `created` int(11) UNSIGNED NOT NULL DEFAULT '0',
  `logged` int(11) UNSIGNED NOT NULL DEFAULT '0',
  `updated` int(11) UNSIGNED NOT NULL DEFAULT '0'
) ENGINE=InnoDB DEFAULT CHARSET=utf8mb4;

--
-- Дамп данных таблицы `sessions`
--

INSERT INTO `sessions` (`sid`, `user_id`, `token`, `status_access`, `tz`, `created`, `logged`, `updated`) VALUES
(1, 1, '826647a6068ee1bb2a7be93012b1fbd43a324c0e', 3, 180, 1636065531, 1636065531, 0),
(2, 2, 'b1a0a4b0ab49843c198ffe51d60ea0a58de53a20', 3, 180, 1636065830, 1636065830, 0),
(3, 1, '1443d3b976f2a64ef1182495317ed1941437c003', 3, 180, 1636066597, 1636066597, 0),
(4, 4, 'c874624172aa307c53a980328c0d921a65f02149', 3, 180, 1636067100, 1636067100, 0),
(5, 5, '31c78693b53def9d9d4110d2ff13aa88e2a55c2f', 3, 180, 1636067969, 1636067969, 0),
(6, 6, '0d2ff13aa88e2a55c2f965a61d5a0071f9a5d3ce', 3, 180, 1636067989, 1636067989, 0),
(7, 7, 'e2a55c2f965a61d5a0071f9a5d3cee946d98e5a2', 3, 180, 1636068000, 1636068000, 0),
(8, 4, '60ff4e9b253e4bb1265395cb86881313aa532226', 3, 180, 1636068118, 1636068118, 0),
(9, 8, 'ca9a770912015f2ac85a8791d12d02a1757c1e3f', 3, 180, 1636068459, 1636068459, 0);

-- --------------------------------------------------------

--
-- Структура таблицы `strategies`
--

CREATE TABLE `strategies` (
  `strategy_id` bigint(19) UNSIGNED NOT NULL,
  `author_id` bigint(19) UNSIGNED NOT NULL DEFAULT '0',
  `outer_id` bigint(19) UNSIGNED NOT NULL DEFAULT '0',
  `outer_guid` varchar(255) NOT NULL DEFAULT '',
  `outer_taskid` bigint(19) UNSIGNED NOT NULL DEFAULT '0',
  `title` varchar(255) NOT NULL DEFAULT '',
  `title_en` varchar(255) NOT NULL DEFAULT '',
  `desc_short` varchar(255) NOT NULL DEFAULT '',
  `desc_full` text,
  `risk_level` tinyint(2) UNSIGNED NOT NULL DEFAULT '0',
  `profit` float(11,2) NOT NULL DEFAULT '0.00',
  `rating` float(11,1) UNSIGNED NOT NULL DEFAULT '0.0',
  `currency` varchar(3) NOT NULL DEFAULT '',
  `min_amount` int(19) UNSIGNED NOT NULL DEFAULT '0',
  `min_period` int(19) UNSIGNED NOT NULL DEFAULT '0',
  `max_drawdown` float(11,1) NOT NULL DEFAULT '0.0',
  `hidden` tinyint(1) UNSIGNED NOT NULL DEFAULT '0',
  `created` int(11) UNSIGNED NOT NULL DEFAULT '0',
  `updated` int(11) UNSIGNED NOT NULL DEFAULT '0'
) ENGINE=InnoDB DEFAULT CHARSET=utf8mb4;

--
-- Дамп данных таблицы `strategies`
--

INSERT INTO `strategies` (`strategy_id`, `author_id`, `outer_id`, `outer_guid`, `outer_taskid`, `title`, `title_en`, `desc_short`, `desc_full`, `risk_level`, `profit`, `rating`, `currency`, `min_amount`, `min_period`, `max_drawdown`, `hidden`, `created`, `updated`) VALUES
(1, 1, 10017, '318223a1-4671-40ba-bff2-9efabc24048c', 231699, 'Фигурный талант', 'BaseTech', 'Получение доходности с помощью анализа графиков и построения фигур', 'Технический анализ исторических изменений стоимости акций позволяет определять тенденции рынка и прогнозировать изменения. Помимо ценовых рядов учитывается информация об объемах торгов и другие статистические данные.\r\n\r\nЯ использую не только технические индикаторы, но также графические фигуры, свечной график и его паттерны. Успех определяется правильным выбором методов для каждого инструмента. В этой стратегии не задействуем шорт-сделки, считая их особо рисковыми. Диверсификация осуществляется с помощью разделения активов по отраслям.\r\n', 2, 33.20, 5.0, 'RUB', 105000, 0, -6.1, 0, 1577931473, 1633321059),
(2, 1, 10018, '6079f8ad-fd98-4bda-9795-958d3ede2a5c', 231900, 'Фишки в деле', 'EasyPLS', 'Стабильный пассивный доход', 'Инвестиции в компании с высокой капитализацией, с историей стабильного роста и лидерскими позициями, в так называемые голубые фишки. Такие компании выплачивают хорошие дивиденды, отличаются устойчивостью и надежностью. Стратегия подходит начинающим инвесторам, так как обладает минимальными рисками и прогнозируемым результатом. Также предполагает реинвестирование полученного дополнительного дивидендного дохода.', 2, 36.60, 4.9, 'RUB', 10000, 0, -11.6, 0, 1577931473, 1633321059),
(3, 3, 10024, 'fa294565-95f1-4eaa-ac79-73029636432a', 231901, 'Дивидендная подушка', 'GrowingDiv', 'Отличная стратегия, приносящая дивиденды', 'В основе данной стратегии лежит фундаментальный анализ. Он даёт возможность оценить реальную стоимость финансовых инструментов и правильно распределить активы. При этом анализируется не только фундаментальная стоимость компании и ее финансовые коэффициенты, срез отрасли, но экономические и политические факторы.\r\n\r\nНа последнем этапе я анализирую стоимость ценных бумаг. Потенциалом роста здесь обладают те акции, чья расчетная стоимость выше текущей. ', 2, 83.50, 5.0, 'RUB', 250000, 0, -9.8, 0, 1577931473, 1633321059),
(4, 4, 10025, '274a642e-29e9-4abc-a70c-81103869477f', 231856, 'Дивидендный бум', 'DividendBenefit', 'Доходные стратегии с прогнозируемым результатом', 'Стратегия заключается в покупке акций компаний, которые стабильно выплачивают дивиденды своим акционерам. Для создания качественного портфеля необходим  тщательный анализ ключевых параметров деятельности компании, так как высокие выплаты не всегда являются показателем успешности. Я провожу качественный и количественный анализ, слежу за коэффициентами и новостями компании. \r\n\r\nДругим преимуществом дивидендной стратегии является  устойчивость к кризису, поскольку обязательства перед акционерами исполняются, не смотря на сложность текущей экономической ситуации. Распределение активов по отраслям обеспечивает диверсификацию портфеля.', 2, 50.50, 5.0, 'RUB', 100000, 0, -5.6, 0, 1580523473, 1633321059),
(5, 3, 10026, '18a25dbe-408b-4b6a-a3b3-9b0c1dcf4e26', 231857, 'Испытанный веками', 'StabilityUP', 'Оптимальная стратегия высокодоходных инвестиций', 'В основе лежит стратегия «Собаки Доу», которая стремится максимизировать доходность инвестиций, покупая самые высокооплачиваемые дивидендные акции. Портфель составляется из десяти акций и требует ежегодной ребалансировки. Каждый актив подвергается тщательному фундаментальному анализу. Доходность ожидается не только от дивидендов, но также от роста стоимости акций.', 2, 85.20, 5.0, 'RUB', 400000, 0, -14.2, 0, 1580523473, 1633321059),
(6, 2, 10029, 'b44ba1aa-06ab-42ba-bd8e-4aef88f4c0c2', 231902, 'Вперед в Америку', 'CatchUp', 'Инвестиции в акции США', 'Уникальные отрасли экономики, компании роста, большие транснациональные компании, долларовые инвестиции на фоне девальвации рубля и инфляции делают американский рынок очень привлекательным для инвестиций.\r\n\r\nЯ распределяю активы между надежными и дивидендными акциями различных секторов, покупаю на просадках, основываясь на финансовых показателях, ситуацией на рынке и анализом тренда.', 3, 174.00, 4.8, 'USD', 1000, 0, -17.4, 0, 1580523473, 1633321059),
(7, 2, 10031, '8e15c699-2f21-4300-bd6d-9c4e07994651', 231903, 'Опережая индекс', 'ForceIndex', 'Оптимальная стратегия повторения результатов популярного индекса', 'При индексном инвестировании результаты инвестиционного портфеля привязываются к динамике одного из фондовых индексов. Для создания такого портфеля подбираются инструменты, составляющие расчётную базу интересующего индекса. Такой вариант инвестирования не требует частого пересмотра состава, а в долгосрочной перспективе приносит хороший пассивный доход. Портфель диверсифицируем за счёт разделения активом по отраслям.', 6, 34.80, 4.9, 'RUB', 160000, 0, -3.4, 0, 1581408480, 1633321059),
(8, 1, 10032, 'f7b678eb-108d-4613-bd30-168f7b752f1f', 231920, 'Акции 3х', 'Light Start', 'Инвестиции как альтернатива банковскому депозиту', 'Целью стратегии является обеспечение годового дохода, превосходящего процент по банковскому депозиту. Подходит для начального инвестирования. Низкий порог входа. Портфель диверсифицируется по отраслям.\r\n\r\nЯ изучаю каждую компанию, графики и финансовую отчетность, сравниваю с конкурентами, добавляю в портфель только после всестороннего анализа.', 3, 17.30, 4.8, 'RUB', 2000, 0, -5.9, 0, 1581491280, 1633321059),
(9, 4, 10033, '18dccac6-3a93-4c00-a33d-89199de0ad31', 231921, 'Проще простого', 'Top10', 'Создание портфеля, который не даст инфляции победить', 'Данная стратегия основана на выборе акций первого и второго эшелона с разделением по отраслям для снижения риска. Компании отбираются на основании проведенного фундаментального анализа, новостного фона и оценки ситуации на рынке в целом. В портфель преимущественно попадают высоколиквидные акции. Четкое следование стратегии снижает риски и позволяет успешно управлять портфелем.', 3, 27.70, 4.8, 'RUB', 15000, 0, -7.7, 0, 1581750480, 1633321059);

-- --------------------------------------------------------

--
-- Структура таблицы `strategy_authors`
--

CREATE TABLE `strategy_authors` (
  `author_id` bigint(19) UNSIGNED NOT NULL,
  `first_name` varchar(255) NOT NULL DEFAULT '',
  `last_name` varchar(255) NOT NULL DEFAULT '',
  `description` text,
  `photo` varchar(255) NOT NULL DEFAULT ''
) ENGINE=InnoDB DEFAULT CHARSET=utf8mb4;

--
-- Дамп данных таблицы `strategy_authors`
--

INSERT INTO `strategy_authors` (`author_id`, `first_name`, `last_name`, `description`, `photo`) VALUES
(1, 'Екатерина', 'Черноглазова', 'Екатерина с отличием окончила Московский Государственный Университет Экономики Статистики и Информатики (2005-2010)\r\n\r\nСпециализация: финансы и кредит / направление инвестиционное дело\r\n\r\nС 2011 г активно практикует инвестиции в ценные бумаги. Открывает сделки на основе объективных биржевых данных. Предпочитает долгосрочные виды инвестирования. Допускаются просадки до -30%. Сделки открывает ритмично и регулярно. В постоянном режиме открывает для себя новые стратегии.\r\n\r\n2011-2013 Риск-менеджер отдел проектной экспертизы\r\n2012- по н.в.  торговля на бирже\r\n2013-2015 Бизнес-планирование и запуск компании\r\n2013 Курсы финансовых рынков\r\n2014-2020  Фриланс по анализу ценных бумаг, бизнес планирование, анализ портфелей\r\n2018  Курсы Financial Markets and Investment Strategy\r\n\r\nСамообучение : Портфельные инвестиции, технический анализ , венчурное финансирование инновационных проектов. \r\nУчаствует в вебинарах популярных площадок по инвестициям.', '/storage/chernoglazova.jpg'),
(2, 'Игорь', 'Скарга', 'Закончил Владимирский филиал Финансового университета при Правительстве Российской Федерации \r\nФакультет: Экономика и финансы\r\n\r\nАктивный участник торгов с 2012 года. Финансовые инструменты предпочитает акции и облигации, а так же срочный рынок, рынок криптовалют. Использует рисковые стратегии, но в зависимости от ситуации на рынке стратегия может быть изменена на более консервативную. В анализе рынка использует в первую очередь технический анализ. Считает главными факторами успешного трейдера : самодисциплину, контроль рисков, отсутствие эмоций и терпение.', '/storage/skarga.jpg'),
(3, 'Ксения', 'Курбанова', 'C отличием окончила магистратуру Московского государственного университета экономики, статистики и информатики по направлению «экономическая теория и инвестиции».\r\n\r\nC 2015 года на позициях финансового аналитика и риск-менеджера в крупнейших Family-офисах.\r\n\r\nУспешный трейдер, имеет большой практический опыт фундаментального анализа, что позволяет избегать сильных просадок в сравнении с ключевыми мировыми индексами.\r\n\r\nВ работе с биржевыми инструментами предпочитает среднесрочные инвестиционные стратегии. В приоритете - работа с акциями технологичного сектора экономики. Проводит исследования в области управления рисками и капиталом, а также занимается тестированием и оптимизацией торговых стратегий.', '/storage/kurbanova.jpg'),
(4, 'Андрей', 'Бородай', 'Закончил Российский Государственный Гуманитарный Университет факультет экономика\r\n \r\nОнлайн курсы повышения квалификации: «Деньги, банки, финансовые рынки», «Финансы и инвестиции», «Рынок ценных бумаг и инвестиционное дело».\r\n\r\nЗанимается инвестициями с 2010 года. Начинал с небольшого капитала и успешно его приумножил. Разработал свою стратегию и четко ей следует. Изучает финансовые рынки по средствам изучения рынков, обучается на курсах, участвует в вебинарах известных аналитиков. Считает, что терпение лучший помощник для выбора удачного входа в позицию.\r\n\r\nПридерживается консервативных взглядов в отношении составления портфеля. Допускает просадки до 10%.', '/storage/boroday.jpg');

-- --------------------------------------------------------

--
-- Структура таблицы `strategy_charts`
--

CREATE TABLE `strategy_charts` (
  `id` bigint(19) UNSIGNED NOT NULL,
  `strategy_id` bigint(19) UNSIGNED NOT NULL DEFAULT '0',
  `period_id` tinyint(1) UNSIGNED NOT NULL DEFAULT '0',
  `equity` float(11,2) NOT NULL DEFAULT '0.00',
  `created` int(11) UNSIGNED NOT NULL DEFAULT '0'
) ENGINE=InnoDB DEFAULT CHARSET=utf8mb4;

--
-- Дамп данных таблицы `strategy_charts`
--

INSERT INTO `strategy_charts` (`id`, `strategy_id`, `period_id`, `equity`, `created`) VALUES
(1324, 1, 1, 0.00, 1630929600),
(1325, 1, 1, -0.38, 1630944000),
(1326, 1, 1, -0.40, 1630958400),
(1327, 1, 2, 0.00, 1625479200),
(1328, 1, 2, -0.01, 1625601600),
(1329, 1, 2, -2.14, 1625745600),
(1330, 1, 2, -2.97, 1625868000),
(1331, 1, 2, -3.31, 1626184800),
(1332, 1, 2, -2.70, 1626343200),
(1333, 1, 2, -2.83, 1626451200),
(1334, 1, 2, -2.08, 1626782400),
(1335, 1, 2, -1.60, 1626890400),
(1336, 1, 2, -1.84, 1627048800),
(1337, 1, 2, -2.14, 1627329600),
(1338, 1, 2, -1.44, 1627488000),
(1339, 1, 2, -1.42, 1627596000),
(1340, 1, 2, -1.82, 1627927200),
(1341, 1, 2, -2.16, 1628071200),
(1342, 1, 2, -1.94, 1628193600),
(1343, 1, 2, -1.07, 1628510400),
(1344, 1, 2, -0.88, 1628632800),
(1345, 1, 2, -0.72, 1628776800),
(1346, 1, 2, -0.36, 1629108000),
(1347, 1, 2, -0.01, 1629216000),
(1348, 1, 2, 0.60, 1629374400),
(1349, 1, 2, 0.99, 1629482400),
(1350, 1, 2, 0.21, 1629813600),
(1351, 1, 2, -0.34, 1629921600),
(1352, 1, 2, 0.03, 1630080000),
(1353, 1, 2, -0.81, 1630360800),
(1354, 1, 2, -1.10, 1630519200),
(1355, 1, 2, -0.74, 1630663200),
(1356, 1, 2, -1.35, 1630958400),
(1357, 1, 3, 0.00, 1617616800),
(1358, 1, 3, 2.31, 1617912000),
(1359, 1, 3, 3.60, 1618416000),
(1360, 1, 3, 6.34, 1618934400),
(1361, 1, 3, 8.50, 1619438400),
(1362, 1, 3, 7.21, 1619733600),
(1363, 1, 3, 8.18, 1620324000),
(1364, 1, 3, 9.03, 1620842400),
(1365, 1, 3, 9.00, 1621346400),
(1366, 1, 3, 8.65, 1621850400),
(1367, 1, 3, 9.65, 1622145600),
(1368, 1, 3, 10.06, 1622664000),
(1369, 1, 3, 11.75, 1623168000),
(1370, 1, 3, 13.54, 1623672000),
(1371, 1, 3, 11.49, 1623967200),
(1372, 1, 3, 11.38, 1624485600),
(1373, 1, 3, 9.01, 1624989600),
(1374, 1, 3, 11.04, 1625493600),
(1375, 1, 3, 8.31, 1625824800),
(1376, 1, 3, 8.14, 1626343200),
(1377, 1, 3, 8.86, 1626811200),
(1378, 1, 3, 8.87, 1627315200),
(1379, 1, 3, 9.02, 1627646400),
(1380, 1, 3, 9.10, 1628164800),
(1381, 1, 3, 10.16, 1628632800),
(1382, 1, 3, 11.02, 1629136800),
(1383, 1, 3, 12.08, 1629468000),
(1384, 1, 3, 11.47, 1629986400),
(1385, 1, 3, 10.42, 1630490400),
(1386, 1, 3, 9.64, 1630958400),
(1387, 1, 4, 0.00, 1601899200),
(1388, 1, 4, 0.18, 1602763200),
(1389, 1, 4, 0.47, 1603814400),
(1390, 1, 4, 1.97, 1604937600),
(1391, 1, 4, 2.92, 1605801600),
(1392, 1, 4, 4.62, 1606852800),
(1393, 1, 4, 6.79, 1607716800),
(1394, 1, 4, 8.46, 1608753600),
(1395, 1, 4, 9.25, 1609963200),
(1396, 1, 4, 10.20, 1611136800),
(1397, 1, 4, 8.26, 1612173600),
(1398, 1, 4, 8.50, 1613037600),
(1399, 1, 4, 9.48, 1614002400),
(1400, 1, 4, 10.25, 1614952800),
(1401, 1, 4, 11.93, 1616076000),
(1402, 1, 4, 16.53, 1617127200),
(1403, 1, 4, 19.30, 1617991200),
(1404, 1, 4, 24.75, 1619028000),
(1405, 1, 4, 24.55, 1620165600),
(1406, 1, 4, 26.02, 1621029600),
(1407, 1, 4, 26.86, 1622066400),
(1408, 1, 4, 30.93, 1623153600),
(1409, 1, 4, 29.76, 1624017600),
(1410, 1, 4, 26.60, 1625054400),
(1411, 1, 4, 24.76, 1626091200),
(1412, 1, 4, 26.87, 1626969600),
(1413, 1, 4, 27.14, 1628006400),
(1414, 1, 4, 29.22, 1628870400),
(1415, 1, 4, 29.14, 1629921600),
(1416, 1, 4, 27.84, 1630958400),
(1417, 1, 5, 0.00, 1589796000),
(1418, 1, 5, 1.06, 1591794000),
(1419, 1, 5, 0.79, 1593727200),
(1420, 1, 5, 1.19, 1595239200),
(1421, 1, 5, 2.96, 1596542400),
(1422, 1, 5, 4.99, 1597845600),
(1423, 1, 5, 3.75, 1599148800),
(1424, 1, 5, 7.32, 1600452000),
(1425, 1, 5, 8.54, 1601928000),
(1426, 1, 5, 7.70, 1603231200),
(1427, 1, 5, 8.63, 1604656800),
(1428, 1, 5, 11.61, 1606132800),
(1429, 1, 5, 13.68, 1607436000),
(1430, 1, 5, 16.97, 1608739200),
(1431, 1, 5, 18.71, 1610474400),
(1432, 1, 5, 17.93, 1611777600),
(1433, 1, 5, 17.02, 1613080800),
(1434, 1, 5, 19.83, 1614592800),
(1435, 1, 5, 20.25, 1615982400),
(1436, 1, 5, 26.64, 1617285600),
(1437, 1, 5, 32.79, 1618588800),
(1438, 1, 5, 34.06, 1620151200),
(1439, 1, 5, 34.86, 1621454400),
(1440, 1, 5, 38.19, 1622757600),
(1441, 1, 5, 38.73, 1624269600),
(1442, 1, 5, 40.51, 1625572800),
(1443, 1, 5, 37.54, 1626876000),
(1444, 1, 5, 37.13, 1628179200),
(1445, 1, 5, 41.28, 1629482400),
(1446, 1, 5, 38.00, 1630958400),
(1447, 2, 1, 0.00, 1630929600),
(1448, 2, 1, -0.24, 1630958400),
(1449, 2, 1, -0.49, 1631008800),
(1450, 2, 1, -0.56, 1631037600),
(1451, 2, 1, -0.32, 1631052000),
(1452, 2, 1, -0.23, 1631116800),
(1453, 2, 1, -1.03, 1631181600),
(1454, 2, 1, -0.80, 1631196000),
(1455, 2, 1, -1.33, 1631224800),
(1456, 2, 1, -0.64, 1631275200),
(1457, 2, 1, -0.46, 1631304000),
(1458, 2, 1, -0.63, 1631527200),
(1459, 2, 1, -0.48, 1631556000),
(1460, 2, 1, -0.60, 1631620800),
(1461, 2, 1, -0.76, 1631635200),
(1462, 2, 1, -0.84, 1631700000),
(1463, 2, 1, -1.13, 1631714400),
(1464, 2, 1, -0.74, 1631743200),
(1465, 2, 1, -1.94, 1631808000),
(1466, 2, 1, -1.78, 1631822400),
(1467, 2, 1, -1.36, 1631887200),
(1468, 2, 1, -1.81, 1631901600),
(1469, 2, 1, -2.85, 1632139200),
(1470, 2, 1, -2.53, 1632153600),
(1471, 2, 1, -2.67, 1632218400),
(1472, 2, 1, -3.16, 1632247200),
(1473, 2, 1, -3.14, 1632261600),
(1474, 2, 1, -3.18, 1632326400),
(1475, 2, 1, -2.75, 1632340800),
(1476, 2, 1, -2.94, 1632405600),
(1477, 2, 2, 0.00, 1625479200),
(1478, 2, 2, -0.63, 1625652000),
(1479, 2, 2, 1.06, 1625824800),
(1480, 2, 2, 3.26, 1626170400),
(1481, 2, 2, 1.75, 1626343200),
(1482, 2, 2, -0.14, 1626688800),
(1483, 2, 2, 0.62, 1626861600),
(1484, 2, 2, 2.07, 1627034400),
(1485, 2, 2, 2.17, 1627380000),
(1486, 2, 2, 3.95, 1627552800),
(1487, 2, 2, 4.38, 1627898400),
(1488, 2, 2, 5.58, 1628071200),
(1489, 2, 2, 6.67, 1628244000),
(1490, 2, 2, 7.13, 1628589600),
(1491, 2, 2, 6.91, 1628762400),
(1492, 2, 2, 5.44, 1629122400),
(1493, 2, 2, 7.46, 1629295200),
(1494, 2, 2, 4.28, 1629468000),
(1495, 2, 2, 4.73, 1629813600),
(1496, 2, 2, 4.48, 1629986400),
(1497, 2, 2, 5.73, 1630332000),
(1498, 2, 2, 7.62, 1630504800),
(1499, 2, 2, 7.95, 1630677600),
(1500, 2, 2, 7.68, 1631023200),
(1501, 2, 2, 7.33, 1631196000),
(1502, 2, 2, 7.54, 1631541600),
(1503, 2, 2, 6.97, 1631714400),
(1504, 2, 2, 6.72, 1631887200),
(1505, 2, 2, 4.82, 1632232800),
(1506, 2, 2, 5.01, 1632405600),
(1507, 2, 3, 0.00, 1617616800),
(1508, 2, 3, -0.06, 1617976800),
(1509, 2, 3, 3.65, 1618509600),
(1510, 2, 3, 5.47, 1619028000),
(1511, 2, 3, 7.02, 1619560800),
(1512, 2, 3, 5.54, 1620216000),
(1513, 2, 3, 8.27, 1620748800),
(1514, 2, 3, 7.91, 1621267200),
(1515, 2, 3, 9.05, 1621627200),
(1516, 2, 3, 8.22, 1622196000),
(1517, 2, 3, 9.79, 1622728800),
(1518, 2, 3, 11.66, 1623247200),
(1519, 2, 3, 14.39, 1623780000),
(1520, 2, 3, 13.40, 1624312800),
(1521, 2, 3, 9.50, 1624881600),
(1522, 2, 3, 7.30, 1625227200),
(1523, 2, 3, 7.15, 1625760000),
(1524, 2, 3, 8.72, 1626292800),
(1525, 2, 3, 7.47, 1626861600),
(1526, 2, 3, 9.12, 1627380000),
(1527, 2, 3, 11.46, 1627912800),
(1528, 2, 3, 13.57, 1628272800),
(1529, 2, 3, 13.92, 1628805600),
(1530, 2, 3, 14.09, 1629324000),
(1531, 2, 3, 11.68, 1629892800),
(1532, 2, 3, 15.21, 1630425600),
(1533, 2, 3, 15.28, 1630958400),
(1534, 2, 3, 15.03, 1631304000),
(1535, 2, 3, 13.65, 1631872800),
(1536, 2, 3, 12.16, 1632405600),
(1537, 2, 4, 0.00, 1601899200),
(1538, 2, 4, -2.36, 1602792000),
(1539, 2, 4, -8.14, 1603893600),
(1540, 2, 4, 2.34, 1605031200),
(1541, 2, 4, 8.13, 1606132800),
(1542, 2, 4, 9.00, 1607025600),
(1543, 2, 4, 16.71, 1608127200),
(1544, 2, 4, 18.83, 1609192800),
(1545, 2, 4, 23.49, 1610553600),
(1546, 2, 4, 20.34, 1611604800),
(1547, 2, 4, 21.04, 1612533600),
(1548, 2, 4, 20.41, 1613599200),
(1549, 2, 4, 22.79, 1614700800),
(1550, 2, 4, 22.86, 1615888800),
(1551, 2, 4, 24.00, 1616781600),
(1552, 2, 4, 24.91, 1617832800),
(1553, 2, 4, 29.94, 1618934400),
(1554, 2, 4, 30.74, 1620122400),
(1555, 2, 4, 34.42, 1621015200),
(1556, 2, 4, 35.08, 1622116800),
(1557, 2, 4, 39.56, 1623182400),
(1558, 2, 4, 39.21, 1624269600),
(1559, 2, 4, 32.73, 1625162400),
(1560, 2, 4, 36.54, 1626264000),
(1561, 2, 4, 35.72, 1627329600),
(1562, 2, 4, 41.80, 1628258400),
(1563, 2, 4, 41.94, 1629324000),
(1564, 2, 4, 42.90, 1630411200),
(1565, 2, 4, 43.11, 1631304000),
(1566, 2, 4, 39.53, 1632405600),
(1567, 2, 5, 0.00, 1593424800),
(1568, 2, 5, -3.65, 1594764000),
(1569, 2, 5, 0.84, 1596052800),
(1570, 2, 5, 4.44, 1597356000),
(1571, 2, 5, 2.57, 1598644800),
(1572, 2, 5, 4.86, 1600106400),
(1573, 2, 5, 5.32, 1601395200),
(1574, 2, 5, 1.99, 1602684000),
(1575, 2, 5, -4.77, 1603972800),
(1576, 2, 5, 10.94, 1605535200),
(1577, 2, 5, 13.09, 1606824000),
(1578, 2, 5, 20.17, 1608112800),
(1579, 2, 5, 22.78, 1609365600),
(1580, 2, 5, 27.08, 1611086400),
(1581, 2, 5, 26.23, 1612375200),
(1582, 2, 5, 24.10, 1613678400),
(1583, 2, 5, 26.67, 1614967200),
(1584, 2, 5, 26.15, 1616515200),
(1585, 2, 5, 29.35, 1617804000),
(1586, 2, 5, 36.78, 1619092800),
(1587, 2, 5, 40.40, 1620640800),
(1588, 2, 5, 41.18, 1621944000),
(1589, 2, 5, 44.82, 1623232800),
(1590, 2, 5, 43.90, 1624485600),
(1591, 2, 5, 38.92, 1625774400),
(1592, 2, 5, 39.80, 1627063200),
(1593, 2, 5, 46.88, 1628524800),
(1594, 2, 5, 44.12, 1629828000),
(1595, 2, 5, 48.89, 1631116800),
(1596, 2, 5, 44.85, 1632405600),
(1597, 3, 1, 0.00, 1630929600),
(1598, 3, 1, -0.05, 1630958400),
(1599, 3, 1, 0.09, 1631008800),
(1600, 3, 1, -0.50, 1631037600),
(1601, 3, 1, -0.23, 1631052000),
(1602, 3, 1, 1.86, 1631116800),
(1603, 3, 1, 1.50, 1631181600),
(1604, 3, 1, 1.82, 1631196000),
(1605, 3, 1, 1.05, 1631224800),
(1606, 3, 1, 1.64, 1631275200),
(1607, 3, 1, 3.24, 1631304000),
(1608, 3, 1, 3.33, 1631527200),
(1609, 3, 1, 3.84, 1631556000),
(1610, 3, 1, 3.51, 1631620800),
(1611, 3, 1, 3.31, 1631635200),
(1612, 3, 1, 3.87, 1631700000),
(1613, 3, 1, 3.28, 1631714400),
(1614, 3, 1, 3.56, 1631743200),
(1615, 3, 1, 2.19, 1631808000),
(1616, 3, 1, 1.40, 1631822400),
(1617, 3, 1, 2.78, 1631887200),
(1618, 3, 1, 2.47, 1631901600),
(1619, 3, 1, -0.22, 1632139200),
(1620, 3, 1, -0.39, 1632153600),
(1621, 3, 1, -0.20, 1632218400),
(1622, 3, 1, -0.89, 1632247200),
(1623, 3, 1, 0.22, 1632261600),
(1624, 3, 1, 2.28, 1632326400),
(1625, 3, 1, 2.30, 1632340800),
(1626, 3, 1, 2.29, 1632405600),
(1627, 3, 2, 0.00, 1625479200),
(1628, 3, 2, 0.51, 1625652000),
(1629, 3, 2, 0.58, 1625824800),
(1630, 3, 2, 2.33, 1626170400),
(1631, 3, 2, 1.09, 1626343200),
(1632, 3, 2, -0.75, 1626688800),
(1633, 3, 2, -0.75, 1626861600),
(1634, 3, 2, -0.33, 1627034400),
(1635, 3, 2, -0.44, 1627380000),
(1636, 3, 2, 2.67, 1627552800),
(1637, 3, 2, 3.60, 1627898400),
(1638, 3, 2, 2.87, 1628071200),
(1639, 3, 2, 2.41, 1628244000),
(1640, 3, 2, 3.47, 1628589600),
(1641, 3, 2, 4.23, 1628762400),
(1642, 3, 2, 3.41, 1629122400),
(1643, 3, 2, 2.53, 1629295200),
(1644, 3, 2, -1.13, 1629468000),
(1645, 3, 2, 2.09, 1629813600),
(1646, 3, 2, 1.89, 1629986400),
(1647, 3, 2, 5.46, 1630332000),
(1648, 3, 2, 6.68, 1630504800),
(1649, 3, 2, 9.68, 1630677600),
(1650, 3, 2, 12.67, 1631023200),
(1651, 3, 2, 15.15, 1631196000),
(1652, 3, 2, 18.33, 1631541600),
(1653, 3, 2, 16.79, 1631714400),
(1654, 3, 2, 16.23, 1631887200),
(1655, 3, 2, 12.32, 1632232800),
(1656, 3, 2, 15.67, 1632405600),
(1657, 3, 3, 0.00, 1617616800),
(1658, 3, 3, 3.37, 1617976800),
(1659, 3, 3, 12.36, 1618509600),
(1660, 3, 3, 12.80, 1619028000),
(1661, 3, 3, 13.00, 1619560800),
(1662, 3, 3, 10.46, 1620216000),
(1663, 3, 3, 14.67, 1620748800),
(1664, 3, 3, 14.82, 1621267200),
(1665, 3, 3, 14.87, 1621627200),
(1666, 3, 3, 14.83, 1622196000),
(1667, 3, 3, 14.70, 1622728800),
(1668, 3, 3, 14.83, 1623247200),
(1669, 3, 3, 13.89, 1623780000),
(1670, 3, 3, 10.25, 1624312800),
(1671, 3, 3, 9.16, 1624881600),
(1672, 3, 3, 8.11, 1625227200),
(1673, 3, 3, 8.25, 1625760000),
(1674, 3, 3, 9.25, 1626292800),
(1675, 3, 3, 7.34, 1626861600),
(1676, 3, 3, 7.68, 1627380000),
(1677, 3, 3, 11.96, 1627912800),
(1678, 3, 3, 10.34, 1628272800),
(1679, 3, 3, 12.66, 1628805600),
(1680, 3, 3, 9.95, 1629324000),
(1681, 3, 3, 10.67, 1629892800),
(1682, 3, 3, 15.24, 1630425600),
(1683, 3, 3, 22.24, 1630958400),
(1684, 3, 3, 26.26, 1631304000),
(1685, 3, 3, 25.28, 1631872800),
(1686, 3, 3, 25.10, 1632405600),
(1687, 3, 4, 0.00, 1601899200),
(1688, 3, 4, 2.05, 1602792000),
(1689, 3, 4, 0.19, 1603893600),
(1690, 3, 4, 5.00, 1605031200),
(1691, 3, 4, 11.04, 1606132800),
(1692, 3, 4, 16.88, 1607025600),
(1693, 3, 4, 21.91, 1608127200),
(1694, 3, 4, 19.91, 1609192800),
(1695, 3, 4, 25.95, 1610553600),
(1696, 3, 4, 24.32, 1611604800),
(1697, 3, 4, 21.76, 1612533600),
(1698, 3, 4, 27.19, 1613599200),
(1699, 3, 4, 30.16, 1614700800),
(1700, 3, 4, 34.61, 1615888800),
(1701, 3, 4, 36.34, 1616781600),
(1702, 3, 4, 47.60, 1617832800),
(1703, 3, 4, 61.70, 1618934400),
(1704, 3, 4, 60.99, 1620122400),
(1705, 3, 4, 66.14, 1621015200),
(1706, 3, 4, 65.30, 1622116800),
(1707, 3, 4, 65.50, 1623182400),
(1708, 3, 4, 58.07, 1624269600),
(1709, 3, 4, 56.04, 1625162400),
(1710, 3, 4, 57.83, 1626264000),
(1711, 3, 4, 56.31, 1627329600),
(1712, 3, 4, 60.35, 1628258400),
(1713, 3, 4, 59.00, 1629324000),
(1714, 3, 4, 67.54, 1630411200),
(1715, 3, 4, 82.59, 1631304000),
(1716, 3, 4, 80.91, 1632405600),
(1717, 3, 5, 0.00, 1589796000),
(1718, 3, 5, 5.90, 1591876800),
(1719, 3, 5, 4.65, 1593806400),
(1720, 3, 5, 5.21, 1595347200),
(1721, 3, 5, 19.62, 1596664800),
(1722, 3, 5, 22.39, 1598032800),
(1723, 3, 5, 23.31, 1599559200),
(1724, 3, 5, 23.44, 1600891200),
(1725, 3, 5, 25.88, 1602244800),
(1726, 3, 5, 28.69, 1603749600),
(1727, 3, 5, 32.62, 1605189600),
(1728, 3, 5, 43.52, 1606730400),
(1729, 3, 5, 53.58, 1608048000),
(1730, 3, 5, 53.88, 1609761600),
(1731, 3, 5, 59.47, 1611165600),
(1732, 3, 5, 52.97, 1612533600),
(1733, 3, 5, 62.88, 1613851200),
(1734, 3, 5, 63.85, 1615478400),
(1735, 3, 5, 71.93, 1616796000),
(1736, 3, 5, 99.41, 1618336800),
(1737, 3, 5, 103.88, 1619690400),
(1738, 3, 5, 109.28, 1621281600),
(1739, 3, 5, 109.23, 1622635200),
(1740, 3, 5, 102.44, 1623967200),
(1741, 3, 5, 97.80, 1625493600),
(1742, 3, 5, 95.02, 1626861600),
(1743, 3, 5, 102.11, 1628179200),
(1744, 3, 5, 97.60, 1629720000),
(1745, 3, 5, 121.08, 1631037600),
(1746, 3, 5, 127.28, 1632405600),
(1747, 4, 1, 0.00, 1630933200),
(1748, 4, 1, 0.53, 1630947600),
(1749, 4, 1, 0.12, 1631012400),
(1750, 4, 1, 0.60, 1631026800),
(1751, 4, 1, 0.66, 1631041200),
(1752, 4, 1, 0.55, 1631055600),
(1753, 4, 1, 0.67, 1631120400),
(1754, 4, 1, 1.18, 1631134800),
(1755, 4, 1, -0.15, 1631185200),
(1756, 4, 1, -0.21, 1631199600),
(1757, 4, 1, -0.99, 1631228400),
(1758, 4, 1, -0.04, 1631278800),
(1759, 4, 1, 0.49, 1631293200),
(1760, 4, 1, 1.37, 1631530800),
(1761, 4, 1, 1.49, 1631545200),
(1762, 4, 1, 2.20, 1631559600),
(1763, 4, 1, 2.33, 1631574000),
(1764, 4, 1, 1.71, 1631638800),
(1765, 4, 1, 1.52, 1631653200),
(1766, 4, 1, 1.89, 1631703600),
(1767, 4, 1, 2.23, 1631732400),
(1768, 4, 1, 2.36, 1631746800),
(1769, 4, 1, 1.58, 1631797200),
(1770, 4, 1, 1.08, 1631811600),
(1771, 4, 1, 1.40, 1631876400),
(1772, 4, 1, 1.16, 1631890800),
(1773, 4, 1, 0.81, 1631905200),
(1774, 4, 1, 0.52, 1631919600),
(1775, 4, 1, -1.09, 1632157200),
(1776, 4, 1, -1.27, 1632160800),
(1777, 4, 2, 0.00, 1625482800),
(1778, 4, 2, 0.74, 1625655600),
(1779, 4, 2, 0.09, 1625778000),
(1780, 4, 2, 0.04, 1626123600),
(1781, 4, 2, -0.59, 1626296400),
(1782, 4, 2, -2.30, 1626469200),
(1783, 4, 2, -2.88, 1626800400),
(1784, 4, 2, -1.10, 1626973200),
(1785, 4, 2, -0.66, 1627318800),
(1786, 4, 2, 0.75, 1627491600),
(1787, 4, 2, 1.46, 1627650000),
(1788, 4, 2, 2.70, 1627995600),
(1789, 4, 2, 3.15, 1628168400),
(1790, 4, 2, 2.84, 1628290800),
(1791, 4, 2, 4.68, 1628636400),
(1792, 4, 2, 5.02, 1628809200),
(1793, 4, 2, 4.97, 1629154800),
(1794, 4, 2, 4.86, 1629313200),
(1795, 4, 2, 2.26, 1629486000),
(1796, 4, 2, 4.04, 1629831600),
(1797, 4, 2, 3.89, 1629990000),
(1798, 4, 2, 6.19, 1630335600),
(1799, 4, 2, 7.51, 1630508400),
(1800, 4, 2, 9.52, 1630681200),
(1801, 4, 2, 10.35, 1631012400),
(1802, 4, 2, 10.05, 1631185200),
(1803, 4, 2, 11.73, 1631530800),
(1804, 4, 2, 12.30, 1631703600),
(1805, 4, 2, 11.76, 1631826000),
(1806, 4, 2, 8.82, 1632160800),
(1807, 4, 3, 0.00, 1617620400),
(1808, 4, 3, 0.10, 1617966000),
(1809, 4, 3, 1.60, 1618498800),
(1810, 4, 3, 0.75, 1619017200),
(1811, 4, 3, -0.02, 1619550000),
(1812, 4, 3, 0.32, 1620154800),
(1813, 4, 3, 1.93, 1620687600),
(1814, 4, 3, 0.80, 1621033200),
(1815, 4, 3, 1.37, 1621602000),
(1816, 4, 3, 2.73, 1622120400),
(1817, 4, 3, 6.43, 1622638800),
(1818, 4, 3, 8.46, 1623171600),
(1819, 4, 3, 9.44, 1623690000),
(1820, 4, 3, 7.08, 1624050000),
(1821, 4, 3, 7.02, 1624568400),
(1822, 4, 3, 8.40, 1625137200),
(1823, 4, 3, 9.19, 1625655600),
(1824, 4, 3, 8.13, 1626188400),
(1825, 4, 3, 4.41, 1626706800),
(1826, 4, 3, 7.22, 1627066800),
(1827, 4, 3, 10.25, 1627585200),
(1828, 4, 3, 11.52, 1628103600),
(1829, 4, 3, 13.46, 1628636400),
(1830, 4, 3, 13.78, 1629154800),
(1831, 4, 3, 11.96, 1629723600),
(1832, 4, 3, 12.56, 1630069200),
(1833, 4, 3, 18.88, 1630602000),
(1834, 4, 3, 20.26, 1631120400),
(1835, 4, 3, 21.28, 1631653200),
(1836, 4, 3, 17.94, 1632160800),
(1837, 4, 4, 0.00, 1601902800),
(1838, 4, 4, -1.11, 1602795600),
(1839, 4, 4, -2.51, 1603882800),
(1840, 4, 4, 2.61, 1605034800),
(1841, 4, 4, 5.78, 1605913200),
(1842, 4, 4, 8.95, 1607014800),
(1843, 4, 4, 10.93, 1608066000),
(1844, 4, 4, 12.08, 1609167600),
(1845, 4, 4, 15.15, 1610478000),
(1846, 4, 4, 16.89, 1611579600),
(1847, 4, 4, 18.09, 1612458000),
(1848, 4, 4, 21.30, 1613559600),
(1849, 4, 4, 22.23, 1614610800),
(1850, 4, 4, 27.90, 1615590000),
(1851, 4, 4, 23.78, 1616677200),
(1852, 4, 4, 25.61, 1617742800),
(1853, 4, 4, 28.96, 1618830000),
(1854, 4, 4, 26.59, 1619722800),
(1855, 4, 4, 27.48, 1620860400),
(1856, 4, 4, 29.85, 1621962000),
(1857, 4, 4, 36.02, 1622840400),
(1858, 4, 4, 36.76, 1623942000),
(1859, 4, 4, 33.55, 1624993200),
(1860, 4, 4, 36.55, 1626094800),
(1861, 4, 4, 35.49, 1626973200),
(1862, 4, 4, 40.84, 1628074800),
(1863, 4, 4, 43.39, 1629126000),
(1864, 4, 4, 42.01, 1630018800),
(1865, 4, 4, 52.36, 1631106000),
(1866, 4, 4, 49.09, 1632160800),
(1867, 4, 5, 0.00, 1589799600),
(1868, 4, 5, 2.38, 1591812000),
(1869, 4, 5, 0.67, 1593795600),
(1870, 4, 5, 2.48, 1595336400),
(1871, 4, 5, 5.31, 1596654000),
(1872, 4, 5, 7.18, 1598007600),
(1873, 4, 5, 7.09, 1599498000),
(1874, 4, 5, 6.79, 1600815600),
(1875, 4, 5, 7.59, 1602183600),
(1876, 4, 5, 6.33, 1603710000),
(1877, 4, 5, 11.55, 1605114000),
(1878, 4, 5, 16.61, 1606431600),
(1879, 4, 5, 19.91, 1607958000),
(1880, 4, 5, 20.09, 1609326000),
(1881, 4, 5, 25.79, 1611075600),
(1882, 4, 5, 27.05, 1612393200),
(1883, 4, 5, 30.32, 1613746800),
(1884, 4, 5, 34.04, 1615374000),
(1885, 4, 5, 32.98, 1616691600),
(1886, 4, 5, 35.54, 1618009200),
(1887, 4, 5, 37.03, 1619535600),
(1888, 4, 5, 37.55, 1620939600),
(1889, 4, 5, 41.67, 1622480400),
(1890, 4, 5, 47.33, 1623798000),
(1891, 4, 5, 48.67, 1625151600),
(1892, 4, 5, 44.36, 1626469200),
(1893, 4, 5, 51.75, 1627995600),
(1894, 4, 5, 53.84, 1629327600),
(1895, 4, 5, 61.83, 1630681200),
(1896, 4, 5, 60.79, 1632160800),
(1897, 5, 1, 0.00, 1630922400),
(1898, 5, 1, 2.30, 1630944000),
(1899, 5, 1, 4.90, 1630954800),
(1900, 5, 1, 7.26, 1631012400),
(1901, 5, 1, 6.94, 1631034000),
(1902, 5, 1, 5.47, 1631055600),
(1903, 5, 1, 6.35, 1631102400),
(1904, 5, 1, 6.37, 1631124000),
(1905, 5, 1, 5.13, 1631181600),
(1906, 5, 1, 4.97, 1631203200),
(1907, 5, 1, 5.06, 1631214000),
(1908, 5, 1, 5.59, 1631271600),
(1909, 5, 1, 5.50, 1631293200),
(1910, 5, 1, 5.72, 1631304000),
(1911, 5, 1, 6.25, 1631534400),
(1912, 5, 1, 6.48, 1631556000),
(1913, 5, 1, 6.58, 1631613600),
(1914, 5, 1, 6.55, 1631624400),
(1915, 5, 1, 5.90, 1631646000),
(1916, 5, 1, 5.97, 1631703600),
(1917, 5, 1, 6.78, 1631714400),
(1918, 5, 1, 7.28, 1631736000),
(1919, 5, 1, 6.79, 1631793600),
(1920, 5, 1, 6.32, 1631815200),
(1921, 5, 1, 6.32, 1631826000),
(1922, 5, 1, 5.80, 1631883600),
(1923, 5, 1, 5.44, 1631905200),
(1924, 5, 1, 3.31, 1632135600),
(1925, 5, 1, 2.54, 1632146400),
(1926, 5, 1, 1.76, 1632160800),
(1927, 5, 2, 0.00, 1625479200),
(1928, 5, 2, 0.70, 1625612400),
(1929, 5, 2, 0.06, 1625781600),
(1930, 5, 2, 0.58, 1626123600),
(1931, 5, 2, 0.49, 1626292800),
(1932, 5, 2, -0.92, 1626462000),
(1933, 5, 2, -2.32, 1626804000),
(1934, 5, 2, -1.18, 1626973200),
(1935, 5, 2, -0.72, 1627315200),
(1936, 5, 2, 0.47, 1627484400),
(1937, 5, 2, 0.40, 1627653600),
(1938, 5, 2, 0.88, 1627995600),
(1939, 5, 2, 1.46, 1628164800),
(1940, 5, 2, 1.16, 1628506800),
(1941, 5, 2, 2.02, 1628676000),
(1942, 5, 2, 2.20, 1628798400),
(1943, 5, 2, 2.22, 1629140400),
(1944, 5, 2, 2.31, 1629309600),
(1945, 5, 2, 3.98, 1629478800),
(1946, 5, 2, 9.63, 1629820800),
(1947, 5, 2, 10.77, 1629990000),
(1948, 5, 2, 15.61, 1630332000),
(1949, 5, 2, 17.10, 1630501200),
(1950, 5, 2, 18.30, 1630670400),
(1951, 5, 2, 28.20, 1631012400),
(1952, 5, 2, 25.65, 1631181600),
(1953, 5, 2, 26.27, 1631314800),
(1954, 5, 2, 26.43, 1631656800),
(1955, 5, 2, 27.07, 1631826000),
(1956, 5, 2, 21.62, 1632160800),
(1957, 5, 3, 0.00, 1617624000),
(1958, 5, 3, -0.35, 1617973200),
(1959, 5, 3, 3.70, 1618495200),
(1960, 5, 3, 8.37, 1619028000),
(1961, 5, 3, 8.96, 1619550000),
(1962, 5, 3, 8.72, 1620158400),
(1963, 5, 3, 10.16, 1620680400),
(1964, 5, 3, 10.03, 1621249200),
(1965, 5, 3, 11.14, 1621598400),
(1966, 5, 3, 11.50, 1622120400),
(1967, 5, 3, 14.56, 1622642400),
(1968, 5, 3, 15.93, 1623175200),
(1969, 5, 3, 18.90, 1623697200),
(1970, 5, 3, 16.42, 1624046400),
(1971, 5, 3, 16.99, 1624568400),
(1972, 5, 3, 17.33, 1625137200),
(1973, 5, 3, 18.68, 1625659200),
(1974, 5, 3, 18.14, 1626181200),
(1975, 5, 3, 15.16, 1626703200),
(1976, 5, 3, 16.18, 1627063200),
(1977, 5, 3, 18.61, 1627585200),
(1978, 5, 3, 18.96, 1628107200),
(1979, 5, 3, 19.43, 1628629200),
(1980, 5, 3, 20.30, 1629198000),
(1981, 5, 3, 24.82, 1629720000),
(1982, 5, 3, 30.34, 1630069200),
(1983, 5, 3, 39.37, 1630591200),
(1984, 5, 3, 49.16, 1631124000),
(1985, 5, 3, 48.50, 1631646000),
(1986, 5, 3, 42.69, 1632160800),
(1987, 5, 4, 0.00, 1601892000),
(1988, 5, 4, -2.94, 1602774000),
(1989, 5, 4, -4.97, 1603839600),
(1990, 5, 4, 3.95, 1605016800),
(1991, 5, 4, 11.09, 1605909600),
(1992, 5, 4, 11.95, 1607000400),
(1993, 5, 4, 15.96, 1608055200),
(1994, 5, 4, 24.09, 1609156800),
(1995, 5, 4, 31.43, 1610470800),
(1996, 5, 4, 28.10, 1611352800),
(1997, 5, 4, 28.75, 1612454400),
(1998, 5, 4, 30.83, 1613509200),
(1999, 5, 4, 27.73, 1614610800),
(2000, 5, 4, 34.92, 1615579200),
(2001, 5, 4, 30.77, 1616670000),
(2002, 5, 4, 35.95, 1617735600),
(2003, 5, 4, 46.87, 1618826400),
(2004, 5, 4, 48.43, 1619708400),
(2005, 5, 4, 48.71, 1620860400),
(2006, 5, 4, 52.29, 1621951200),
(2007, 5, 4, 57.86, 1622844000),
(2008, 5, 4, 60.22, 1623934800),
(2009, 5, 4, 58.98, 1624989600),
(2010, 5, 4, 61.14, 1626091200),
(2011, 5, 4, 58.49, 1626973200),
(2012, 5, 4, 61.84, 1628028000),
(2013, 5, 4, 63.32, 1629129600),
(2014, 5, 4, 77.50, 1630011600),
(2015, 5, 4, 104.35, 1631113200),
(2016, 5, 4, 95.07, 1632160800),
(2017, 5, 5, 0.00, 1599044400),
(2018, 5, 5, 2.08, 1600178400),
(2019, 5, 5, -1.79, 1601312400),
(2020, 5, 5, -3.93, 1602273600),
(2021, 5, 5, -4.64, 1603407600),
(2022, 5, 5, -5.53, 1604664000),
(2023, 5, 5, 8.32, 1605798000),
(2024, 5, 5, 9.74, 1606932000),
(2025, 5, 5, 13.66, 1608112800),
(2026, 5, 5, 20.66, 1609246800),
(2027, 5, 5, 28.08, 1610640000),
(2028, 5, 5, 24.29, 1611774000),
(2029, 5, 5, 27.18, 1612908000),
(2030, 5, 5, 25.69, 1613991600),
(2031, 5, 5, 30.42, 1615298400),
(2032, 5, 5, 27.89, 1616432400),
(2033, 5, 5, 33.22, 1617393600),
(2034, 5, 5, 38.42, 1618527600),
(2035, 5, 5, 43.91, 1619697600),
(2036, 5, 5, 44.85, 1620918000),
(2037, 5, 5, 48.47, 1622052000),
(2038, 5, 5, 54.65, 1623186000),
(2039, 5, 5, 56.32, 1624366800),
(2040, 5, 5, 57.47, 1625500800),
(2041, 5, 5, 54.73, 1626462000),
(2042, 5, 5, 57.94, 1627596000),
(2043, 5, 5, 60.06, 1628766000),
(2044, 5, 5, 72.60, 1629900000),
(2045, 5, 5, 99.60, 1631034000),
(2046, 5, 5, 89.92, 1632160800),
(2047, 6, 1, 0.00, 1631016000),
(2048, 6, 1, -0.33, 1631037600),
(2049, 6, 1, -1.85, 1631095200),
(2050, 6, 1, -1.85, 1631116800),
(2051, 6, 1, -3.71, 1631138400),
(2052, 6, 1, -3.64, 1631196000),
(2053, 6, 1, -2.20, 1631217600),
(2054, 6, 1, -1.43, 1631275200),
(2055, 6, 1, -3.22, 1631296800),
(2056, 6, 1, -3.51, 1631527200),
(2057, 6, 1, -3.36, 1631548800),
(2058, 6, 1, -1.92, 1631570400),
(2059, 6, 1, -1.95, 1631628000),
(2060, 6, 1, -3.36, 1631649600),
(2061, 6, 1, -3.31, 1631707200),
(2062, 6, 1, -3.33, 1631718000),
(2063, 6, 1, -2.47, 1631739600),
(2064, 6, 1, -2.38, 1631797200),
(2065, 6, 1, -2.90, 1631818800),
(2066, 6, 1, -2.75, 1631876400),
(2067, 6, 1, -3.16, 1631898000),
(2068, 6, 1, -3.27, 1631919600),
(2069, 6, 1, -5.85, 1632150000),
(2070, 6, 1, -6.25, 1632171600),
(2071, 6, 1, -3.83, 1632229200),
(2072, 6, 1, -5.86, 1632250800),
(2073, 6, 1, -5.03, 1632308400),
(2074, 6, 1, -3.45, 1632330000),
(2075, 6, 1, -3.31, 1632351600),
(2076, 6, 1, -2.84, 1632405600),
(2077, 6, 2, 0.00, 1625565600),
(2078, 6, 2, -7.83, 1625698800),
(2079, 6, 2, -6.47, 1625868000),
(2080, 6, 2, -7.83, 1626210000),
(2081, 6, 2, -12.56, 1626379200),
(2082, 6, 2, -16.39, 1626721200),
(2083, 6, 2, -9.79, 1626890400),
(2084, 6, 2, -12.29, 1627059600),
(2085, 6, 2, -11.48, 1627412400),
(2086, 6, 2, -9.54, 1627581600),
(2087, 6, 2, -11.54, 1627923600),
(2088, 6, 2, -14.33, 1628092800),
(2089, 6, 2, -11.27, 1628262000),
(2090, 6, 2, -11.74, 1628604000),
(2091, 6, 2, -10.03, 1628773200),
(2092, 6, 2, -12.34, 1629115200),
(2093, 6, 2, -14.07, 1629284400),
(2094, 6, 2, -16.54, 1629453600),
(2095, 6, 2, -12.88, 1629759600),
(2096, 6, 2, -9.31, 1629928800),
(2097, 6, 2, -4.40, 1630098000),
(2098, 6, 2, -4.97, 1630440000),
(2099, 6, 2, -4.38, 1630620000),
(2100, 6, 2, -5.44, 1631048400),
(2101, 6, 2, -7.69, 1631217600),
(2102, 6, 2, -7.42, 1631559600),
(2103, 6, 2, -8.40, 1631728800),
(2104, 6, 2, -8.60, 1631898000),
(2105, 6, 2, -10.67, 1632240000),
(2106, 6, 2, -8.30, 1632405600),
(2107, 6, 3, 0.00, 1617624000),
(2108, 6, 3, -2.98, 1617973200),
(2109, 6, 3, -2.56, 1618506000),
(2110, 6, 3, -4.15, 1619028000),
(2111, 6, 3, 1.25, 1619557200),
(2112, 6, 3, 3.46, 1620079200),
(2113, 6, 3, 10.09, 1620648000),
(2114, 6, 3, 6.11, 1621011600),
(2115, 6, 3, 3.19, 1621533600),
(2116, 6, 3, 4.60, 1622055600),
(2117, 6, 3, 11.17, 1622674800),
(2118, 6, 3, 11.87, 1623232800),
(2119, 6, 3, 10.97, 1623754800),
(2120, 6, 3, 5.43, 1624287600),
(2121, 6, 3, 13.94, 1624636800),
(2122, 6, 3, 15.14, 1625158800),
(2123, 6, 3, 9.49, 1625767200),
(2124, 6, 3, 6.62, 1626300000),
(2125, 6, 3, 2.28, 1626822000),
(2126, 6, 3, 5.59, 1627380000),
(2127, 6, 3, 4.76, 1627912800),
(2128, 6, 3, 4.86, 1628262000),
(2129, 6, 3, 5.49, 1628784000),
(2130, 6, 3, 3.48, 1629306000),
(2131, 6, 3, 6.29, 1629838800),
(2132, 6, 3, 10.59, 1630360800),
(2133, 6, 3, 11.56, 1630710000),
(2134, 6, 3, 7.62, 1631527200),
(2135, 6, 3, 8.12, 1631887200),
(2136, 6, 3, 8.37, 1632405600),
(2137, 6, 4, 0.00, 1601895600),
(2138, 6, 4, 0.98, 1602777600),
(2139, 6, 4, 3.45, 1603832400),
(2140, 6, 4, 24.39, 1604934000),
(2141, 6, 4, 48.30, 1605816000),
(2142, 6, 4, 76.42, 1606993200),
(2143, 6, 4, 79.74, 1608048000),
(2144, 6, 4, 79.02, 1609236000),
(2145, 6, 4, 91.07, 1610377200),
(2146, 6, 4, 89.14, 1611345600),
(2147, 6, 4, 108.65, 1612436400),
(2148, 6, 4, 123.80, 1613588400),
(2149, 6, 4, 133.51, 1614679200),
(2150, 6, 4, 153.75, 1615561200),
(2151, 6, 4, 129.63, 1616616000),
(2152, 6, 4, 142.12, 1617804000),
(2153, 6, 4, 139.42, 1618858800),
(2154, 6, 4, 153.65, 1619784000),
(2155, 6, 4, 159.23, 1620853200),
(2156, 6, 4, 157.40, 1621954800),
(2157, 6, 4, 168.69, 1623096000),
(2158, 6, 4, 162.36, 1624014000),
(2159, 6, 4, 176.96, 1625068800),
(2160, 6, 4, 167.74, 1626256800),
(2161, 6, 4, 154.57, 1627311600),
(2162, 6, 4, 156.80, 1628193600),
(2163, 6, 4, 149.58, 1629284400),
(2164, 6, 4, 172.55, 1630350000),
(2165, 6, 4, 164.51, 1631527200),
(2166, 6, 4, 166.35, 1632405600),
(2167, 6, 5, 0.00, 1599559200),
(2168, 6, 5, -1.25, 1600682400),
(2169, 6, 5, -0.87, 1601643600),
(2170, 6, 5, 3.59, 1602766800),
(2171, 6, 5, 3.41, 1603890000),
(2172, 6, 5, 33.03, 1605024000),
(2173, 6, 5, 54.84, 1606147200),
(2174, 6, 5, 83.27, 1607356800),
(2175, 6, 5, 85.42, 1608307200),
(2176, 6, 5, 81.52, 1609786800),
(2177, 6, 5, 105.89, 1610737200),
(2178, 6, 5, 106.40, 1611946800),
(2179, 6, 5, 117.65, 1613080800),
(2180, 6, 5, 135.22, 1614290400),
(2181, 6, 5, 160.86, 1615413600),
(2182, 6, 5, 133.92, 1616583600),
(2183, 6, 5, 146.89, 1617793200),
(2184, 6, 5, 144.80, 1618916400),
(2185, 6, 5, 156.33, 1620057600),
(2186, 6, 5, 166.73, 1621022400),
(2187, 6, 5, 165.70, 1622145600),
(2188, 6, 5, 173.81, 1623366000),
(2189, 6, 5, 177.37, 1624489200),
(2190, 6, 5, 172.94, 1625698800),
(2191, 6, 5, 156.32, 1626822000),
(2192, 6, 5, 159.55, 1627992000),
(2193, 6, 5, 159.59, 1629115200),
(2194, 6, 5, 175.04, 1630065600),
(2195, 6, 5, 176.05, 1631286000),
(2196, 6, 5, 171.57, 1632405600),
(2197, 7, 1, 0.00, 1630929600),
(2198, 7, 1, 0.18, 1630951200),
(2199, 7, 1, 0.57, 1631008800),
(2200, 7, 1, 0.75, 1631030400),
(2201, 7, 1, 0.93, 1631098800),
(2202, 7, 1, 0.76, 1631120400),
(2203, 7, 1, 0.93, 1631142000),
(2204, 7, 1, 0.56, 1631199600),
(2205, 7, 1, 0.18, 1631221200),
(2206, 7, 1, 0.36, 1631278800),
(2207, 7, 1, 0.48, 1631300400),
(2208, 7, 1, 0.69, 1631541600),
(2209, 7, 1, 1.45, 1631563200),
(2210, 7, 1, 1.68, 1631620800),
(2211, 7, 1, 1.33, 1631642400),
(2212, 7, 1, 1.47, 1631700000),
(2213, 7, 1, 1.19, 1631721600),
(2214, 7, 1, 1.30, 1631743200),
(2215, 7, 1, 0.73, 1631800800),
(2216, 7, 1, 0.85, 1631833200),
(2217, 7, 1, 0.46, 1631890800),
(2218, 7, 1, 0.15, 1631912400),
(2219, 7, 1, -0.84, 1632142800),
(2220, 7, 1, -1.42, 1632164400),
(2221, 7, 1, -0.73, 1632222000),
(2222, 7, 1, -1.15, 1632243600),
(2223, 7, 1, 0.08, 1632312000),
(2224, 7, 1, 0.28, 1632333600),
(2225, 7, 1, 0.74, 1632391200),
(2226, 7, 1, 0.44, 1632405600),
(2227, 7, 2, 0.00, 1625486400),
(2228, 7, 2, 0.16, 1625655600),
(2229, 7, 2, 0.39, 1625835600),
(2230, 7, 2, 0.63, 1626177600),
(2231, 7, 2, -0.76, 1626357600),
(2232, 7, 2, -1.47, 1626699600),
(2233, 7, 2, -1.65, 1626868800),
(2234, 7, 2, -1.32, 1627048800),
(2235, 7, 2, -1.25, 1627390800),
(2236, 7, 2, -0.27, 1627560000),
(2237, 7, 2, -0.09, 1627912800),
(2238, 7, 2, 0.41, 1628082000),
(2239, 7, 2, 0.94, 1628262000),
(2240, 7, 2, 1.43, 1628604000),
(2241, 7, 2, 2.16, 1628773200),
(2242, 7, 2, 2.24, 1629126000),
(2243, 7, 2, 2.59, 1629295200),
(2244, 7, 2, 0.97, 1629464400),
(2245, 7, 2, 1.57, 1629817200),
(2246, 7, 2, 1.00, 1629986400),
(2247, 7, 2, 2.39, 1630339200),
(2248, 7, 2, 3.54, 1630508400),
(2249, 7, 2, 4.56, 1630677600),
(2250, 7, 2, 6.00, 1631030400),
(2251, 7, 2, 5.80, 1631199600),
(2252, 7, 2, 5.94, 1631541600),
(2253, 7, 2, 6.46, 1631721600),
(2254, 7, 2, 5.70, 1631890800),
(2255, 7, 2, 4.01, 1632243600),
(2256, 7, 2, 5.69, 1632405600),
(2257, 7, 3, 0.00, 1617620400),
(2258, 7, 3, -1.03, 1617980400),
(2259, 7, 3, 0.43, 1618502400),
(2260, 7, 3, 0.67, 1619035200),
(2261, 7, 3, 1.03, 1619604000),
(2262, 7, 3, 1.45, 1620212400),
(2263, 7, 3, 1.96, 1620745200),
(2264, 7, 3, 2.34, 1621278000),
(2265, 7, 3, 2.86, 1621638000),
(2266, 7, 3, 3.53, 1622196000),
(2267, 7, 3, 5.94, 1622728800),
(2268, 7, 3, 8.59, 1623261600),
(2269, 7, 3, 8.21, 1623783600),
(2270, 7, 3, 8.14, 1624316400),
(2271, 7, 3, 8.50, 1624885200),
(2272, 7, 3, 9.66, 1625234400),
(2273, 7, 3, 9.65, 1625767200),
(2274, 7, 3, 9.32, 1626300000),
(2275, 7, 3, 7.39, 1626822000),
(2276, 7, 3, 8.00, 1627390800),
(2277, 7, 3, 9.20, 1627923600),
(2278, 7, 3, 10.06, 1628272800),
(2279, 7, 3, 11.96, 1628805600),
(2280, 7, 3, 10.38, 1629374400),
(2281, 7, 3, 10.67, 1629907200),
(2282, 7, 3, 12.56, 1630429200),
(2283, 7, 3, 15.33, 1630962000),
(2284, 7, 3, 15.77, 1631530800),
(2285, 7, 3, 15.80, 1631880000),
(2286, 7, 3, 15.58, 1632405600),
(2287, 7, 4, 0.00, 1601899200),
(2288, 7, 4, 0.18, 1602792000),
(2289, 7, 4, -0.19, 1603893600),
(2290, 7, 4, 3.69, 1605034800),
(2291, 7, 4, 6.44, 1606136400),
(2292, 7, 4, 6.31, 1607029200),
(2293, 7, 4, 7.31, 1608130800),
(2294, 7, 4, 7.48, 1609196400),
(2295, 7, 4, 9.67, 1610546400),
(2296, 7, 4, 10.08, 1611612000),
(2297, 7, 4, 11.10, 1612540800),
(2298, 7, 4, 11.71, 1613642400),
(2299, 7, 4, 12.30, 1614708000),
(2300, 7, 4, 17.01, 1615849200),
(2301, 7, 4, 16.41, 1616778000),
(2302, 7, 4, 16.83, 1617879600),
(2303, 7, 4, 17.02, 1618945200),
(2304, 7, 4, 17.88, 1620122400),
(2305, 7, 4, 19.49, 1621015200),
(2306, 7, 4, 20.36, 1622116800),
(2307, 7, 4, 26.44, 1623182400),
(2308, 7, 4, 26.08, 1624284000),
(2309, 7, 4, 27.84, 1625166000),
(2310, 7, 4, 28.37, 1626267600),
(2311, 7, 4, 26.28, 1627333200),
(2312, 7, 4, 29.07, 1628262000),
(2313, 7, 4, 30.38, 1629327600),
(2314, 7, 4, 31.63, 1630418400),
(2315, 7, 4, 35.03, 1631311200),
(2316, 7, 4, 35.14, 1632405600),
(2317, 7, 5, 0.00, 1599472800),
(2318, 7, 5, 0.27, 1600434000),
(2319, 7, 5, 0.53, 1601568000),
(2320, 7, 5, 0.80, 1602702000),
(2321, 7, 5, 0.53, 1603836000),
(2322, 7, 5, 4.26, 1605092400),
(2323, 7, 5, 6.25, 1606226400),
(2324, 7, 5, 7.19, 1607360400),
(2325, 7, 5, 7.06, 1608321600),
(2326, 7, 5, 8.19, 1609801200),
(2327, 7, 5, 10.05, 1611057600),
(2328, 7, 5, 9.96, 1612191600),
(2329, 7, 5, 12.35, 1613152800),
(2330, 7, 5, 10.95, 1614286800),
(2331, 7, 5, 16.21, 1615543200),
(2332, 7, 5, 16.16, 1616688000),
(2333, 7, 5, 17.38, 1617822000),
(2334, 7, 5, 17.54, 1618956000),
(2335, 7, 5, 18.95, 1620212400),
(2336, 7, 5, 20.87, 1621346400),
(2337, 7, 5, 22.01, 1622480400),
(2338, 7, 5, 26.94, 1623441600),
(2339, 7, 5, 26.42, 1624575600),
(2340, 7, 5, 28.21, 1625745600),
(2341, 7, 5, 26.09, 1626879600),
(2342, 7, 5, 28.33, 1628013600),
(2343, 7, 5, 31.30, 1629147600),
(2344, 7, 5, 30.51, 1630317600),
(2345, 7, 5, 35.41, 1631278800),
(2346, 7, 5, 35.52, 1632405600),
(2347, 8, 1, 0.00, 1630926000),
(2348, 8, 1, -0.31, 1630947600),
(2349, 8, 1, -0.55, 1631016000),
(2350, 8, 1, -0.60, 1631037600),
(2351, 8, 1, -1.06, 1631095200),
(2352, 8, 1, -0.86, 1631127600),
(2353, 8, 1, -1.73, 1631185200),
(2354, 8, 1, -1.62, 1631206800),
(2355, 8, 1, -1.94, 1631228400),
(2356, 8, 1, -2.11, 1631296800),
(2357, 8, 1, -2.00, 1631527200),
(2358, 8, 1, -1.91, 1631548800),
(2359, 8, 1, -1.97, 1631617200),
(2360, 8, 1, -2.42, 1631638800),
(2361, 8, 1, -2.50, 1631660400),
(2362, 8, 1, -2.30, 1631728800),
(2363, 8, 1, -2.24, 1631786400),
(2364, 8, 1, -2.67, 1631808000),
(2365, 8, 1, -2.49, 1631876400),
(2366, 8, 1, -2.66, 1631898000),
(2367, 8, 1, -2.67, 1631919600),
(2368, 8, 1, -3.94, 1632160800),
(2369, 8, 1, -3.31, 1632218400),
(2370, 8, 1, -3.59, 1632240000),
(2371, 8, 1, -3.49, 1632261600),
(2372, 8, 1, -3.34, 1632330000),
(2373, 8, 1, -2.96, 1632351600),
(2374, 8, 1, -2.90, 1632409200),
(2375, 8, 1, -2.76, 1632477600),
(2376, 8, 1, -2.46, 1632492000),
(2377, 8, 2, 0.00, 1625482800),
(2378, 8, 2, -0.70, 1625662800),
(2379, 8, 2, -1.89, 1625832000),
(2380, 8, 2, -2.25, 1626184800),
(2381, 8, 2, -3.57, 1626354000),
(2382, 8, 2, -4.94, 1626706800),
(2383, 8, 2, -4.44, 1626876000),
(2384, 8, 2, -4.26, 1627056000),
(2385, 8, 2, -5.22, 1627398000),
(2386, 8, 2, -3.09, 1627578000),
(2387, 8, 2, -3.07, 1627930800),
(2388, 8, 2, -2.46, 1628100000),
(2389, 8, 2, -1.51, 1628280000),
(2390, 8, 2, -0.58, 1628622000),
(2391, 8, 2, -0.27, 1628802000),
(2392, 8, 2, -0.52, 1629144000),
(2393, 8, 2, -0.71, 1629324000),
(2394, 8, 2, -1.87, 1629493200),
(2395, 8, 2, -0.89, 1629846000),
(2396, 8, 2, -1.29, 1630015200),
(2397, 8, 2, 1.65, 1630404000),
(2398, 8, 2, 1.78, 1630584000),
(2399, 8, 2, 2.11, 1630926000),
(2400, 8, 2, 1.53, 1631106000),
(2401, 8, 2, 0.43, 1631275200),
(2402, 8, 2, -0.20, 1631628000),
(2403, 8, 2, -0.44, 1631797200),
(2404, 8, 2, -1.94, 1632150000),
(2405, 8, 2, -1.51, 1632319200),
(2406, 8, 2, -0.41, 1632492000),
(2407, 8, 3, 0.00, 1617616800),
(2408, 8, 3, -0.13, 1617976800),
(2409, 8, 3, 0.75, 1618509600),
(2410, 8, 3, 1.22, 1619042400),
(2411, 8, 3, 3.92, 1619564400),
(2412, 8, 3, 5.22, 1620219600),
(2413, 8, 3, 3.31, 1620752400),
(2414, 8, 3, 5.37, 1621285200),
(2415, 8, 3, 4.69, 1621854000),
(2416, 8, 3, 5.43, 1622214000),
(2417, 8, 3, 7.83, 1622746800),
(2418, 8, 3, 9.84, 1623268800),
(2419, 8, 3, 7.69, 1623837600),
(2420, 8, 3, 7.62, 1624370400),
(2421, 8, 3, 7.33, 1624903200),
(2422, 8, 3, 8.92, 1625263200),
(2423, 8, 3, 8.04, 1625832000),
(2424, 8, 3, 6.36, 1626364800),
(2425, 8, 3, 5.71, 1626897600),
(2426, 8, 3, 4.41, 1627419600),
(2427, 8, 3, 7.15, 1627988400),
(2428, 8, 3, 8.35, 1628521200),
(2429, 8, 3, 9.25, 1628881200),
(2430, 8, 3, 8.12, 1629414000),
(2431, 8, 3, 9.04, 1629982800),
(2432, 8, 3, 11.98, 1630515600),
(2433, 8, 3, 11.76, 1631037600),
(2434, 8, 3, 10.49, 1631570400),
(2435, 8, 3, 8.90, 1632139200),
(2436, 8, 3, 9.66, 1632492000),
(2437, 8, 4, 0.00, 1601895600),
(2438, 8, 4, -1.86, 1602788400),
(2439, 8, 4, -2.22, 1603890000),
(2440, 8, 4, -0.16, 1605042000),
(2441, 8, 4, 1.80, 1606143600),
(2442, 8, 4, 3.08, 1607036400),
(2443, 8, 4, 2.38, 1608138000),
(2444, 8, 4, 2.28, 1609239600),
(2445, 8, 4, 4.13, 1610564400),
(2446, 8, 4, 2.50, 1611666000),
(2447, 8, 4, 2.75, 1612558800),
(2448, 8, 4, 3.29, 1613660400),
(2449, 8, 4, 4.83, 1614726000),
(2450, 8, 4, 3.14, 1615914000),
(2451, 8, 4, 1.96, 1617015600),
(2452, 8, 4, 4.69, 1617897600),
(2453, 8, 4, 5.32, 1618999200),
(2454, 8, 4, 9.82, 1620151200),
(2455, 8, 4, 10.44, 1621252800),
(2456, 8, 4, 10.72, 1622145600),
(2457, 8, 4, 14.13, 1623247200),
(2458, 8, 4, 11.88, 1624312800),
(2459, 8, 4, 13.24, 1625241600),
(2460, 8, 4, 10.91, 1626343200),
(2461, 8, 4, 8.83, 1627408800),
(2462, 8, 4, 12.90, 1628510400),
(2463, 8, 4, 12.69, 1629403200),
(2464, 8, 4, 16.72, 1630504800),
(2465, 8, 4, 15.18, 1631570400),
(2466, 8, 4, 14.33, 1632492000),
(2467, 8, 5, 0.00, 1600081200),
(2468, 8, 5, 0.03, 1601031600),
(2469, 8, 5, 1.69, 1602165600),
(2470, 8, 5, 0.99, 1603288800),
(2471, 8, 5, 0.83, 1604422800),
(2472, 8, 5, 4.02, 1605632400),
(2473, 8, 5, 5.07, 1606755600),
(2474, 8, 5, 5.22, 1607716800),
(2475, 8, 5, 4.62, 1608840000),
(2476, 8, 5, 6.98, 1610395200),
(2477, 8, 5, 5.20, 1611356400),
(2478, 8, 5, 4.98, 1612479600),
(2479, 8, 5, 6.04, 1613649600),
(2480, 8, 5, 7.53, 1614772800),
(2481, 8, 5, 5.39, 1615982400),
(2482, 8, 5, 4.64, 1617116400),
(2483, 8, 5, 7.12, 1618239600),
(2484, 8, 5, 9.96, 1619190000),
(2485, 8, 5, 11.94, 1620410400),
(2486, 8, 5, 11.01, 1621533600),
(2487, 8, 5, 15.37, 1622667600),
(2488, 8, 5, 14.80, 1623790800),
(2489, 8, 5, 14.49, 1624914000),
(2490, 8, 5, 15.51, 1626084000),
(2491, 8, 5, 12.76, 1627034400),
(2492, 8, 5, 15.14, 1628157600),
(2493, 8, 5, 17.48, 1629291600),
(2494, 8, 5, 20.03, 1630414800),
(2495, 8, 5, 17.89, 1631548800),
(2496, 8, 5, 17.23, 1632492000),
(2497, 9, 1, 0.00, 1630929600),
(2498, 9, 1, -0.25, 1630958400),
(2499, 9, 1, -0.14, 1631008800),
(2500, 9, 1, 0.22, 1631037600),
(2501, 9, 1, 0.08, 1631102400),
(2502, 9, 1, 0.13, 1631131200),
(2503, 9, 1, -1.11, 1631181600),
(2504, 9, 1, -1.21, 1631210400),
(2505, 9, 1, -2.00, 1631275200),
(2506, 9, 1, -1.73, 1631304000),
(2507, 9, 1, -2.00, 1631527200),
(2508, 9, 1, -0.84, 1631556000),
(2509, 9, 1, -1.13, 1631620800),
(2510, 9, 1, -1.53, 1631635200),
(2511, 9, 1, -1.67, 1631700000),
(2512, 9, 1, -1.94, 1631728800),
(2513, 9, 1, -2.37, 1631793600),
(2514, 9, 1, -2.55, 1631808000),
(2515, 9, 1, -2.15, 1631872800),
(2516, 9, 1, -2.45, 1631901600),
(2517, 9, 1, -2.43, 1631916000),
(2518, 9, 1, -3.83, 1632153600),
(2519, 9, 1, -3.63, 1632218400),
(2520, 9, 1, -4.31, 1632247200),
(2521, 9, 1, -4.10, 1632261600),
(2522, 9, 1, -2.94, 1632326400),
(2523, 9, 1, -2.60, 1632391200),
(2524, 9, 1, -2.52, 1632420000),
(2525, 9, 1, -2.22, 1632434400),
(2526, 9, 1, -3.50, 1632492000),
(2527, 9, 2, 0.00, 1625479200),
(2528, 9, 2, -1.97, 1625652000),
(2529, 9, 2, -3.71, 1625824800),
(2530, 9, 2, -4.01, 1626184800),
(2531, 9, 2, -6.05, 1626357600),
(2532, 9, 2, -6.32, 1626703200),
(2533, 9, 2, -6.94, 1626876000),
(2534, 9, 2, -6.13, 1627048800),
(2535, 9, 2, -6.32, 1627394400),
(2536, 9, 2, -4.97, 1627581600),
(2537, 9, 2, -5.15, 1627927200),
(2538, 9, 2, -4.85, 1628100000),
(2539, 9, 2, -3.92, 1628272800),
(2540, 9, 2, -3.55, 1628618400),
(2541, 9, 2, -3.20, 1628791200),
(2542, 9, 2, -3.73, 1629151200),
(2543, 9, 2, -3.41, 1629324000),
(2544, 9, 2, -4.48, 1629496800),
(2545, 9, 2, -3.43, 1629842400),
(2546, 9, 2, -3.49, 1630015200),
(2547, 9, 2, -1.14, 1630360800),
(2548, 9, 2, -0.25, 1630584000),
(2549, 9, 2, 0.08, 1630929600),
(2550, 9, 2, 0.16, 1631102400),
(2551, 9, 2, -1.92, 1631275200),
(2552, 9, 2, -1.04, 1631620800),
(2553, 9, 2, -2.29, 1631793600),
(2554, 9, 2, -3.75, 1632153600),
(2555, 9, 2, -2.86, 1632326400),
(2556, 9, 2, -3.42, 1632492000),
(2557, 9, 3, 0.00, 1617616800),
(2558, 9, 3, 0.60, 1617976800),
(2559, 9, 3, 1.07, 1618509600),
(2560, 9, 3, 0.89, 1619042400),
(2561, 9, 3, 0.60, 1619611200),
(2562, 9, 3, 0.20, 1620216000),
(2563, 9, 3, -0.37, 1620748800),
(2564, 9, 3, -0.88, 1621281600),
(2565, 9, 3, -0.11, 1621850400),
(2566, 9, 3, -1.11, 1622210400),
(2567, 9, 3, 0.51, 1622743200),
(2568, 9, 3, 0.91, 1623276000),
(2569, 9, 3, 0.78, 1623844800),
(2570, 9, 3, 0.70, 1624377600),
(2571, 9, 3, 1.42, 1624910400),
(2572, 9, 3, 4.90, 1625256000),
(2573, 9, 3, 2.32, 1625824800),
(2574, 9, 3, -0.16, 1626357600),
(2575, 9, 3, -1.04, 1626890400),
(2576, 9, 3, -0.69, 1627423200),
(2577, 9, 3, 0.68, 1627992000),
(2578, 9, 3, 1.67, 1628524800),
(2579, 9, 3, 2.54, 1628884800),
(2580, 9, 3, 1.73, 1629453600),
(2581, 9, 3, 2.88, 1629986400),
(2582, 9, 3, 5.87, 1630504800),
(2583, 9, 3, 6.59, 1631037600),
(2584, 9, 3, 5.55, 1631570400),
(2585, 9, 3, 2.75, 1632139200),
(2586, 9, 3, 2.63, 1632492000),
(2587, 9, 4, 0.00, 1601899200),
(2588, 9, 4, 2.08, 1602792000),
(2589, 9, 4, 1.19, 1603893600),
(2590, 9, 4, 9.33, 1605045600),
(2591, 9, 4, 15.26, 1606147200),
(2592, 9, 4, 15.05, 1607076000),
(2593, 9, 4, 14.67, 1608141600),
(2594, 9, 4, 15.11, 1609243200),
(2595, 9, 4, 17.62, 1610568000),
(2596, 9, 4, 19.41, 1611669600),
(2597, 9, 4, 21.78, 1612562400),
(2598, 9, 4, 23.38, 1613664000),
(2599, 9, 4, 23.16, 1614765600),
(2600, 9, 4, 23.76, 1615917600),
(2601, 9, 4, 23.37, 1617019200),
(2602, 9, 4, 23.85, 1617897600),
(2603, 9, 4, 23.61, 1618999200),
(2604, 9, 4, 22.91, 1620151200),
(2605, 9, 4, 22.14, 1621252800),
(2606, 9, 4, 21.42, 1622145600),
(2607, 9, 4, 24.26, 1623247200),
(2608, 9, 4, 24.17, 1624312800),
(2609, 9, 4, 29.38, 1625241600),
(2610, 9, 4, 24.21, 1626343200),
(2611, 9, 4, 22.47, 1627408800),
(2612, 9, 4, 25.33, 1628510400),
(2613, 9, 4, 26.07, 1629403200),
(2614, 9, 4, 30.74, 1630504800),
(2615, 9, 4, 30.35, 1631570400),
(2616, 9, 4, 26.74, 1632492000),
(2617, 9, 5, 0.00, 1593518400),
(2618, 9, 5, -4.17, 1594893600),
(2619, 9, 5, -3.62, 1596146400),
(2620, 9, 5, -2.75, 1597658400),
(2621, 9, 5, -2.74, 1598911200),
(2622, 9, 5, -1.83, 1600200000),
(2623, 9, 5, -1.75, 1601488800),
(2624, 9, 5, 1.23, 1602777600),
(2625, 9, 5, 1.35, 1604066400),
(2626, 9, 5, 12.55, 1605628800),
(2627, 9, 5, 12.48, 1606917600),
(2628, 9, 5, 14.21, 1608206400),
(2629, 9, 5, 14.34, 1609840800),
(2630, 9, 5, 18.40, 1611180000),
(2631, 9, 5, 19.85, 1612468800),
(2632, 9, 5, 22.95, 1613772000),
(2633, 9, 5, 21.00, 1615320000),
(2634, 9, 5, 21.86, 1616608800),
(2635, 9, 5, 22.97, 1617897600),
(2636, 9, 5, 23.62, 1619186400),
(2637, 9, 5, 22.11, 1620734400),
(2638, 9, 5, 20.66, 1622037600),
(2639, 9, 5, 23.79, 1623326400),
(2640, 9, 5, 23.84, 1624615200),
(2641, 9, 5, 25.62, 1625868000),
(2642, 9, 5, 22.16, 1627329600),
(2643, 9, 5, 25.67, 1628618400),
(2644, 9, 5, 26.63, 1629921600),
(2645, 9, 5, 28.82, 1631210400),
(2646, 9, 5, 25.84, 1632492000);

-- --------------------------------------------------------

--
-- Структура таблицы `users`
--

CREATE TABLE `users` (
  `user_id` bigint(19) UNSIGNED NOT NULL,
  `status_access` tinyint(1) NOT NULL DEFAULT '0',
  `status_verification` tinyint(2) NOT NULL DEFAULT '0',
  `status_verification_mafin` tinyint(1) NOT NULL DEFAULT '0',
  `status_demo` tinyint(1) UNSIGNED NOT NULL DEFAULT '1',
  `first_name` varchar(255) NOT NULL DEFAULT '',
  `last_name` varchar(255) NOT NULL DEFAULT '',
  `middle_name` varchar(255) NOT NULL DEFAULT '',
  `email` varchar(255) NOT NULL DEFAULT '',
  `b_date` varchar(12) NOT NULL DEFAULT '',
  `b_place` varchar(255) NOT NULL DEFAULT '',
  `gender_id` tinyint(1) UNSIGNED NOT NULL DEFAULT '0',
  `inn` varchar(50) NOT NULL DEFAULT '',
  `address_live` varchar(255) NOT NULL DEFAULT '',
  `address_reg` varchar(255) NOT NULL DEFAULT '',
  `passport_number` varchar(20) NOT NULL DEFAULT '',
  `passport_series` varchar(10) NOT NULL DEFAULT '',
  `passport_issue_by` varchar(255) NOT NULL DEFAULT '',
  `passport_issue_date` varchar(12) NOT NULL DEFAULT '',
  `passport_issue_code` varchar(50) NOT NULL DEFAULT '',
  `phone` bigint(14) UNSIGNED NOT NULL DEFAULT '0',
  `phone_code` varchar(6) NOT NULL DEFAULT '',
  `phone_attempts_code` int(11) UNSIGNED NOT NULL DEFAULT '0',
  `phone_attempts_sms` int(11) UNSIGNED NOT NULL DEFAULT '0',
  `balance_total_gbp` bigint(19) NOT NULL DEFAULT '0',
  `balance_total_rub` bigint(19) NOT NULL DEFAULT '0',
  `balance_total_usd` bigint(19) NOT NULL DEFAULT '0',
  `balance_free_gbp` bigint(19) NOT NULL DEFAULT '0',
  `balance_free_rub` bigint(19) NOT NULL DEFAULT '0',
  `balance_free_usd` bigint(19) NOT NULL DEFAULT '0',
  `balance_invested_gbp` bigint(19) NOT NULL DEFAULT '0',
  `balance_invested_rub` bigint(19) NOT NULL DEFAULT '0',
  `balance_invested_usd` bigint(19) NOT NULL DEFAULT '0',
  `balance_change_today_gbp` float(11,2) NOT NULL DEFAULT '0.00',
  `balance_change_today_gbp_percent` float(11,2) NOT NULL DEFAULT '0.00',
  `balance_change_today_rub` float(11,2) NOT NULL DEFAULT '0.00',
  `balance_change_today_rub_percent` float(11,2) NOT NULL DEFAULT '0.00',
  `balance_change_today_usd` float(11,2) NOT NULL DEFAULT '0.00',
  `balance_change_today_usd_percent` float(11,2) NOT NULL DEFAULT '0.00',
  `balance_change_all_gbp` float(11,2) NOT NULL DEFAULT '0.00',
  `balance_change_all_gbp_percent` float(11,2) NOT NULL DEFAULT '0.00',
  `balance_change_all_rub` float(11,2) NOT NULL DEFAULT '0.00',
  `balance_change_all_rub_percent` float(11,2) NOT NULL DEFAULT '0.00',
  `balance_change_all_usd` float(11,2) NOT NULL DEFAULT '0.00',
  `balance_change_all_usd_percent` float(11,2) NOT NULL DEFAULT '0.00',
  `count_notifications` int(11) UNSIGNED NOT NULL DEFAULT '0',
  `risk_level` tinyint(2) UNSIGNED NOT NULL DEFAULT '0',
  `broker_uid` varchar(255) NOT NULL DEFAULT '',
  `broker_user_id` bigint(19) UNSIGNED NOT NULL DEFAULT '0',
  `broker_user_key` varchar(255) NOT NULL DEFAULT '',
  `broker_client_id` int(11) UNSIGNED NOT NULL DEFAULT '0',
  `broker_usd_account` varchar(255) NOT NULL DEFAULT '',
  `broker_usd_account_id` bigint(19) UNSIGNED NOT NULL DEFAULT '0',
  `broker_rub_account` varchar(255) NOT NULL DEFAULT '',
  `broker_rub_account_id` bigint(19) UNSIGNED NOT NULL DEFAULT '0',
  `broker_agreement` int(11) UNSIGNED NOT NULL DEFAULT '0',
  `broker_operation_id` int(11) UNSIGNED NOT NULL DEFAULT '0',
  `broker_password` varchar(255) NOT NULL DEFAULT '',
  `broker_session_id` varchar(255) NOT NULL DEFAULT '',
  `broker_strategy_id` bigint(19) UNSIGNED NOT NULL DEFAULT '0',
  `broker_token` text,
  `broker_token_expired` int(11) UNSIGNED NOT NULL DEFAULT '0',
  `broker_token_refresh` varchar(255) NOT NULL DEFAULT '',
  `broker_status` varchar(255) NOT NULL DEFAULT '',
  `broker_code_word` varchar(255) NOT NULL DEFAULT '',
  `broker_profile_answers` text,
  `broker_repeat_sms` int(11) UNSIGNED NOT NULL DEFAULT '0',
  `broker_account_updated` int(11) UNSIGNED NOT NULL DEFAULT '0',
  `exante_account_id` varchar(255) NOT NULL DEFAULT '',
  `exante_iss` varchar(255) NOT NULL DEFAULT '',
  `exante_sub` varchar(255) NOT NULL DEFAULT '',
  `exante_secret` varchar(255) NOT NULL DEFAULT '',
  `exante_updated` int(11) UNSIGNED NOT NULL DEFAULT '0',
  `sumsub_applicant_id` varchar(255) NOT NULL DEFAULT '',
  `sumsub_status` varchar(255) NOT NULL DEFAULT '',
  `sumsub_token` varchar(255) NOT NULL DEFAULT '',
  `sumsub_updated` int(11) UNSIGNED NOT NULL DEFAULT '0',
  `blocked` tinyint(1) UNSIGNED NOT NULL DEFAULT '0',
  `created` int(11) UNSIGNED NOT NULL DEFAULT '0',
  `last_active` int(11) UNSIGNED NOT NULL DEFAULT '0',
  `last_login` int(11) UNSIGNED NOT NULL DEFAULT '0',
  `updated` int(11) UNSIGNED NOT NULL DEFAULT '0'
) ENGINE=InnoDB DEFAULT CHARSET=utf8mb4;

--
-- Дамп данных таблицы `users`
--

INSERT INTO `users` (`user_id`, `status_access`, `status_verification`, `status_verification_mafin`, `status_demo`, `first_name`, `last_name`, `middle_name`, `email`, `b_date`, `b_place`, `gender_id`, `inn`, `address_live`, `address_reg`, `passport_number`, `passport_series`, `passport_issue_by`, `passport_issue_date`, `passport_issue_code`, `phone`, `phone_code`, `phone_attempts_code`, `phone_attempts_sms`, `balance_total_gbp`, `balance_total_rub`, `balance_total_usd`, `balance_free_gbp`, `balance_free_rub`, `balance_free_usd`, `balance_invested_gbp`, `balance_invested_rub`, `balance_invested_usd`, `balance_change_today_gbp`, `balance_change_today_gbp_percent`, `balance_change_today_rub`, `balance_change_today_rub_percent`, `balance_change_today_usd`, `balance_change_today_usd_percent`, `balance_change_all_gbp`, `balance_change_all_gbp_percent`, `balance_change_all_rub`, `balance_change_all_rub_percent`, `balance_change_all_usd`, `balance_change_all_usd_percent`, `count_notifications`, `risk_level`, `broker_uid`, `broker_user_id`, `broker_user_key`, `broker_client_id`, `broker_usd_account`, `broker_usd_account_id`, `broker_rub_account`, `broker_rub_account_id`, `broker_agreement`, `broker_operation_id`, `broker_password`, `broker_session_id`, `broker_strategy_id`, `broker_token`, `broker_token_expired`, `broker_token_refresh`, `broker_status`, `broker_code_word`, `broker_profile_answers`, `broker_repeat_sms`, `broker_account_updated`, `exante_account_id`, `exante_iss`, `exante_sub`, `exante_secret`, `exante_updated`, `sumsub_applicant_id`, `sumsub_status`, `sumsub_token`, `sumsub_updated`, `blocked`, `created`, `last_active`, `last_login`, `updated`) VALUES
(1, 3, 12, 0, 1, 'Андрей', 'Богомолов', 'Сергеевич', 'tipapro@mail.ru', '2000-08-29', 'Г. САСОВО РЯЗАНСКАЯ ОБЛ', 2, '623200283103', '127591, г Москва, ул 800-летия Москвы, д 28 к 1, кв 17', '391430, Рязанская обл, г Сасово, ул Ново-Елатомская, д 40А, кв 15', '974466', '4520', 'ГУ МВД РОССИИ ПО Г. МОСКВЕ', '2020-09-10', '770-016', 79105762481, '654174', 0, 2, 200000, 249500, 0, 200000, 249535, 0, 0, -249535, 0, 0.00, 0.00, 0.00, 0.00, 0.00, 0.00, 0.00, 0.00, 0.00, 0.00, 0.00, 0.00, 0, 0, '', 12899, 'E5607D6505EF4346919761720729E61C', 140467, 'D75033 (USD)', 5, 'D75033', 6, 75033, 0, 'tipapro123', '', 0, NULL, 0, '', '', '', NULL, 0, 1636066625, '', '', '', '', 0, '', '', '', 0, 0, 0, 0, 1636066597, 0),
(2, 3, 0, 0, 1, 'Кирилл', 'Курбанов', 'Муратович', 'hello.kurban@yandex.com', '', '', 0, '', '', '', '', '', '', '', '', 79252191345, '578754', 0, 1, 200000, 0, 0, 200000, 0, 0, 0, 0, 0, 0.00, 0.00, 0.00, 0.00, 0.00, 0.00, 0.00, 0.00, 0.00, 0.00, 0.00, 0.00, 0, 0, '', 0, '', 0, '', 0, '', 0, 0, 0, '', '', 0, NULL, 0, '', '', '', NULL, 0, 1636065872, '', '', '', '', 0, '', '', '', 0, 0, 0, 0, 1636065830, 0),
(4, 3, 0, 3, 0, 'Oleg', 'Gerasimov', '', '', '', '', 0, '', '', '', '', '', '', '', '', 79269836980, '907689', 0, 2, 4289925, 0, 0, 4289925, 0, 0, 0, 0, 0, 0.00, 0.00, 0.00, 0.00, 0.00, 0.00, 0.00, 0.00, 0.00, 0.00, 0.00, 0.00, 0, 0, '', 0, '', 0, '', 0, '', 0, 0, 0, '', '', 0, NULL, 0, '', '', '', NULL, 0, 1636068381, 'ETM1140.001', '1d801763-6747-4641-8e05-a5915b0d959c', 'c0e3965b-52b9-4dfa-9960-f4fe703551df', 'ASCcYST7EVlnPJ5L6SAcjCK/M0Z4PtRu', 1636068381, '', '', '', 0, 0, 0, 0, 1636068118, 0),
(5, 3, 0, 0, 1, '', '', '', '', '', '', 0, '', '', '', '', '', '', '', '', 79670755091, '635521', 0, 1, 200000, 0, 0, 200000, 0, 0, 0, 0, 0, 0.00, 0.00, 0.00, 0.00, 0.00, 0.00, 0.00, 0.00, 0.00, 0.00, 0.00, 0.00, 0, 0, '', 0, '', 0, '', 0, '', 0, 0, 0, '', '', 0, NULL, 0, '', '', '', NULL, 0, 0, '', '', '', '', 0, '', '', '', 0, 0, 0, 0, 1636067969, 0),
(6, 3, 0, 0, 1, '', '', '', '', '', '', 0, '', '', '', '', '', '', '', '', 79998309733, '987781', 0, 1, 200000, 0, 0, 200000, 0, 0, 0, 0, 0, 0.00, 0.00, 0.00, 0.00, 0.00, 0.00, 0.00, 0.00, 0.00, 0.00, 0.00, 0.00, 0, 0, '', 0, '', 0, '', 0, '', 0, 0, 0, '', '', 0, NULL, 0, '', '', '', NULL, 0, 0, '', '', '', '', 0, '', '', '', 0, 0, 0, 0, 1636067989, 0),
(7, 3, 0, 0, 1, 'Дмитрий', 'Масленников', 'Сергеевич', '', '', '', 0, '', '', '', '', '', '', '', '', 79037292175, '828202', 0, 1, 200000, 0, 0, 200000, 0, 0, 0, 0, 0, 0.00, 0.00, 0.00, 0.00, 0.00, 0.00, 0.00, 0.00, 0.00, 0.00, 0.00, 0.00, 0, 0, '', 0, '', 0, '', 0, '', 0, 0, 0, '', '', 0, NULL, 0, '', '', '', NULL, 0, 0, '', '', '', '', 0, '', '', '', 0, 0, 0, 0, 1636068000, 0),
(8, 3, 2, 0, 1, 'Кирилл', 'Курбанов', 'Муратович', 'hello.kurban@yandex.com', '1992-04-13', 'Г.ЭЛЕКТРОСТАЛЬ', 2, '772795415490', 'г. Москва, ул. Изюмская, д34, к1, кв. 13', 'г. Москва, ул. Изюмская, д34, к1, кв. 13', '640619', '4518', 'ГУ МВД РОССИИ ПО Г. МОСКВЕ', '2018-05-31', '770-124', 79166304707, '910016', 0, 1, 200000, 0, 0, 200000, 0, 0, 0, 0, 0, 0.00, 0.00, 0.00, 0.00, 0.00, 0.00, 0.00, 0.00, 0.00, 0.00, 0.00, 0.00, 0, 0, '7AD10ACC-7619-4FA3-A9B3-48ACB9066D86', 0, '', 0, '', 0, '', 0, 0, 0, '1234567', 'F6E2C0C4-2553-4885-9982-4823A7350608', 0, 'eyJhbGciOiJFUzI1NiIsInR5cCI6IkpXVCJ9.eyJzdWIiOiIrNzkxNjYzMDQ3MDciLCJlbnQiOiJjbGllbnQiLCJzdWJlbnRpdHkiOiJsZWFkIiwiZXhwIjoxNjM2MDcwOTE4LCJpYXQiOjE2MzYwNjkxMTgsImlzcyI6IkFsb3IuSWRlbnRpdHkiLCJhdWQiOiJjbGllbnQgbWVzc2FnZXNhcGkifQ.MyoVSrbfn16bcBp67Fx4QuSwHVonrXs-H4T4luMlEz1OuurOjUCLFDEKV3XXCPuIsivkCZZrnnmTuD7cHxodag', 1638661065, '669b4dc9-456a-43d4-8b88-7e2bce0dd2cf', '', '', NULL, 0, 1636068888, '', '', '', '', 0, '', '', '', 0, 0, 0, 0, 1636068459, 0);

-- --------------------------------------------------------

--
-- Структура таблицы `user_messages`
--

CREATE TABLE `user_messages` (
  `message_id` bigint(19) UNSIGNED NOT NULL,
  `user_id` bigint(19) UNSIGNED NOT NULL DEFAULT '0',
  `peer_id` bigint(19) UNSIGNED NOT NULL DEFAULT '0',
  `email` varchar(255) NOT NULL DEFAULT '',
  `content` text,
  `created` int(11) UNSIGNED NOT NULL DEFAULT '0'
) ENGINE=InnoDB DEFAULT CHARSET=utf8mb4;

-- --------------------------------------------------------

--
-- Структура таблицы `user_notifications`
--

CREATE TABLE `user_notifications` (
  `notification_id` bigint(19) UNSIGNED NOT NULL,
  `user_id` bigint(19) UNSIGNED NOT NULL DEFAULT '0',
  `title` varchar(255) NOT NULL DEFAULT '',
  `description` text,
  `viewed` tinyint(1) UNSIGNED NOT NULL DEFAULT '0',
  `created` int(11) UNSIGNED NOT NULL DEFAULT '0'
) ENGINE=InnoDB DEFAULT CHARSET=utf8mb4;

--
-- Дамп данных таблицы `user_notifications`
--

INSERT INTO `user_notifications` (`notification_id`, `user_id`, `title`, `description`, `viewed`, `created`) VALUES
(1, 1, 'Регистрация прошла успешно', 'Вы успешно зарегистрированы в приложении по номеру телефона +79105762481. Этот номер будет вашим постоянным логином для входа.', 0, 1636065527),
(2, 2, 'Регистрация прошла успешно', 'Вы успешно зарегистрированы в приложении по номеру телефона +79252191345. Этот номер будет вашим постоянным логином для входа.', 0, 1636065827),
(3, 4, 'Регистрация прошла успешно', 'Вы успешно зарегистрированы в приложении по номеру телефона +79269836980. Этот номер будет вашим постоянным логином для входа.', 0, 1636067097),
(4, 5, 'Регистрация прошла успешно', 'Вы успешно зарегистрированы в приложении по номеру телефона +79670755091. Этот номер будет вашим постоянным логином для входа.', 0, 1636067966),
(5, 6, 'Регистрация прошла успешно', 'Вы успешно зарегистрированы в приложении по номеру телефона +79998309733. Этот номер будет вашим постоянным логином для входа.', 0, 1636067986),
(6, 7, 'Регистрация прошла успешно', 'Вы успешно зарегистрированы в приложении по номеру телефона +79037292175. Этот номер будет вашим постоянным логином для входа.', 0, 1636067997),
(7, 8, 'Регистрация прошла успешно', 'Вы успешно зарегистрированы в приложении по номеру телефона +79166304707. Этот номер будет вашим постоянным логином для входа.', 0, 1636068456);

-- --------------------------------------------------------

--
-- Структура таблицы `user_products`
--

CREATE TABLE `user_products` (
  `user_product_id` bigint(19) UNSIGNED NOT NULL,
  `user_id` bigint(19) UNSIGNED NOT NULL DEFAULT '0',
  `product_id` bigint(19) UNSIGNED NOT NULL DEFAULT '0',
  `quantity` int(11) UNSIGNED NOT NULL DEFAULT '0',
  `quantity_hold_buy` int(11) UNSIGNED NOT NULL DEFAULT '0',
  `quantity_hold_sell` int(11) UNSIGNED NOT NULL DEFAULT '0',
  `demo` tinyint(1) UNSIGNED NOT NULL DEFAULT '0',
  `hidden` tinyint(1) UNSIGNED NOT NULL DEFAULT '0',
  `created` int(11) UNSIGNED NOT NULL DEFAULT '0'
) ENGINE=InnoDB DEFAULT CHARSET=utf8mb4;

-- --------------------------------------------------------

--
-- Структура таблицы `user_product_instruments`
--

CREATE TABLE `user_product_instruments` (
  `user_product_instrument_id` bigint(19) UNSIGNED NOT NULL,
  `user_id` bigint(19) UNSIGNED NOT NULL DEFAULT '0',
  `user_product_id` bigint(19) UNSIGNED NOT NULL DEFAULT '0',
  `instrument_id` bigint(19) UNSIGNED NOT NULL DEFAULT '0',
  `status` tinyint(1) NOT NULL DEFAULT '0',
  `quantity` int(11) UNSIGNED NOT NULL DEFAULT '0',
  `quantity_hold_buy` int(11) UNSIGNED NOT NULL DEFAULT '0',
  `quantity_hold_sell` int(11) UNSIGNED NOT NULL DEFAULT '0',
  `exante_order_id` varchar(255) NOT NULL DEFAULT '',
  `exante_order_status` varchar(255) NOT NULL DEFAULT '',
  `exante_order_updated` int(11) UNSIGNED NOT NULL DEFAULT '0',
  `demo` tinyint(1) UNSIGNED NOT NULL DEFAULT '0',
  `hidden` tinyint(1) UNSIGNED NOT NULL DEFAULT '0',
  `created` int(11) UNSIGNED NOT NULL DEFAULT '0'
) ENGINE=InnoDB DEFAULT CHARSET=utf8mb4;

-- --------------------------------------------------------

--
-- Структура таблицы `user_requisites`
--

CREATE TABLE `user_requisites` (
  `requisite_id` bigint(19) UNSIGNED NOT NULL,
  `user_id` bigint(19) UNSIGNED NOT NULL DEFAULT '0',
  `project_id` tinyint(1) UNSIGNED NOT NULL DEFAULT '0',
  `receiver_name` varchar(255) NOT NULL DEFAULT '',
  `bank_title` varchar(255) NOT NULL DEFAULT '',
  `bank_bic` varchar(255) NOT NULL DEFAULT '',
  `bank_cs` varchar(255) NOT NULL DEFAULT '',
  `bank_rs` varchar(255) NOT NULL DEFAULT '',
  `bank_ls` varchar(255) NOT NULL DEFAULT '',
  `card_number` varchar(255) NOT NULL DEFAULT '',
  `account_number` varchar(255) NOT NULL DEFAULT '',
  `iban` varchar(255) NOT NULL DEFAULT '',
  `sort_code` varchar(255) NOT NULL DEFAULT '',
  `main` tinyint(1) UNSIGNED NOT NULL DEFAULT '0',
  `hidden` tinyint(1) UNSIGNED NOT NULL DEFAULT '0',
  `created` int(11) UNSIGNED NOT NULL DEFAULT '0'
) ENGINE=InnoDB DEFAULT CHARSET=utf8mb4;

-- --------------------------------------------------------

--
-- Структура таблицы `user_strategies`
--

CREATE TABLE `user_strategies` (
  `id` bigint(19) UNSIGNED NOT NULL,
  `user_id` bigint(11) UNSIGNED NOT NULL DEFAULT '0',
  `strategy_id` bigint(11) UNSIGNED NOT NULL DEFAULT '0',
  `created` int(11) UNSIGNED NOT NULL DEFAULT '0'
) ENGINE=InnoDB DEFAULT CHARSET=utf8mb4;

-- --------------------------------------------------------

--
-- Структура таблицы `user_transactions`
--

CREATE TABLE `user_transactions` (
  `transaction_id` bigint(19) UNSIGNED NOT NULL,
  `user_id` bigint(19) UNSIGNED NOT NULL DEFAULT '0',
  `requisite_id` bigint(19) UNSIGNED NOT NULL DEFAULT '0',
  `project_id` tinyint(1) UNSIGNED NOT NULL DEFAULT '0',
  `status` tinyint(1) NOT NULL DEFAULT '0',
  `type` tinyint(1) NOT NULL DEFAULT '0',
  `amount` bigint(19) UNSIGNED NOT NULL DEFAULT '0',
  `currency` varchar(255) NOT NULL DEFAULT '',
  `title` varchar(255) NOT NULL DEFAULT '',
  `hidden` tinyint(1) UNSIGNED NOT NULL DEFAULT '0',
  `created` int(11) UNSIGNED NOT NULL DEFAULT '0'
) ENGINE=InnoDB DEFAULT CHARSET=utf8mb4;

--
-- Индексы сохранённых таблиц
--

--
-- Индексы таблицы `instruments`
--
ALTER TABLE `instruments`
  ADD PRIMARY KEY (`instrument_id`);

--
-- Индексы таблицы `instrument_charts`
--
ALTER TABLE `instrument_charts`
  ADD PRIMARY KEY (`id`),
  ADD KEY `instrument_id` (`instrument_id`,`created`);

--
-- Индексы таблицы `products`
--
ALTER TABLE `products`
  ADD PRIMARY KEY (`product_id`);

--
-- Индексы таблицы `product_instruments`
--
ALTER TABLE `product_instruments`
  ADD PRIMARY KEY (`id`),
  ADD KEY `product_id` (`product_id`);

--
-- Индексы таблицы `sessions`
--
ALTER TABLE `sessions`
  ADD PRIMARY KEY (`sid`),
  ADD KEY `token` (`token`);

--
-- Индексы таблицы `strategies`
--
ALTER TABLE `strategies`
  ADD PRIMARY KEY (`strategy_id`);

--
-- Индексы таблицы `strategy_authors`
--
ALTER TABLE `strategy_authors`
  ADD PRIMARY KEY (`author_id`);

--
-- Индексы таблицы `strategy_charts`
--
ALTER TABLE `strategy_charts`
  ADD PRIMARY KEY (`id`),
  ADD KEY `strategy_id` (`strategy_id`,`period_id`);

--
-- Индексы таблицы `users`
--
ALTER TABLE `users`
  ADD PRIMARY KEY (`user_id`),
  ADD KEY `phone` (`phone`);

--
-- Индексы таблицы `user_messages`
--
ALTER TABLE `user_messages`
  ADD PRIMARY KEY (`message_id`),
  ADD KEY `user_id` (`user_id`);

--
-- Индексы таблицы `user_notifications`
--
ALTER TABLE `user_notifications`
  ADD PRIMARY KEY (`notification_id`),
  ADD KEY `user_id` (`user_id`);

--
-- Индексы таблицы `user_products`
--
ALTER TABLE `user_products`
  ADD PRIMARY KEY (`user_product_id`);

--
-- Индексы таблицы `user_product_instruments`
--
ALTER TABLE `user_product_instruments`
  ADD PRIMARY KEY (`user_product_instrument_id`);

--
-- Индексы таблицы `user_requisites`
--
ALTER TABLE `user_requisites`
  ADD PRIMARY KEY (`requisite_id`),
  ADD KEY `user_id` (`user_id`);

--
-- Индексы таблицы `user_strategies`
--
ALTER TABLE `user_strategies`
  ADD PRIMARY KEY (`id`);

--
-- Индексы таблицы `user_transactions`
--
ALTER TABLE `user_transactions`
  ADD PRIMARY KEY (`transaction_id`);

--
-- AUTO_INCREMENT для сохранённых таблиц
--

--
-- AUTO_INCREMENT для таблицы `instruments`
--
ALTER TABLE `instruments`
  MODIFY `instrument_id` bigint(19) UNSIGNED NOT NULL AUTO_INCREMENT, AUTO_INCREMENT=28;

--
-- AUTO_INCREMENT для таблицы `instrument_charts`
--
ALTER TABLE `instrument_charts`
  MODIFY `id` bigint(19) UNSIGNED NOT NULL AUTO_INCREMENT, AUTO_INCREMENT=1702;

--
-- AUTO_INCREMENT для таблицы `products`
--
ALTER TABLE `products`
  MODIFY `product_id` bigint(19) UNSIGNED NOT NULL AUTO_INCREMENT, AUTO_INCREMENT=2;

--
-- AUTO_INCREMENT для таблицы `product_instruments`
--
ALTER TABLE `product_instruments`
  MODIFY `id` bigint(19) UNSIGNED NOT NULL AUTO_INCREMENT, AUTO_INCREMENT=5;

--
-- AUTO_INCREMENT для таблицы `sessions`
--
ALTER TABLE `sessions`
  MODIFY `sid` bigint(19) UNSIGNED NOT NULL AUTO_INCREMENT, AUTO_INCREMENT=10;

--
-- AUTO_INCREMENT для таблицы `strategies`
--
ALTER TABLE `strategies`
  MODIFY `strategy_id` bigint(19) UNSIGNED NOT NULL AUTO_INCREMENT, AUTO_INCREMENT=10;

--
-- AUTO_INCREMENT для таблицы `strategy_authors`
--
ALTER TABLE `strategy_authors`
  MODIFY `author_id` bigint(19) UNSIGNED NOT NULL AUTO_INCREMENT, AUTO_INCREMENT=5;

--
-- AUTO_INCREMENT для таблицы `strategy_charts`
--
ALTER TABLE `strategy_charts`
  MODIFY `id` bigint(19) UNSIGNED NOT NULL AUTO_INCREMENT, AUTO_INCREMENT=2647;

--
-- AUTO_INCREMENT для таблицы `users`
--
ALTER TABLE `users`
  MODIFY `user_id` bigint(19) UNSIGNED NOT NULL AUTO_INCREMENT, AUTO_INCREMENT=9;

--
-- AUTO_INCREMENT для таблицы `user_messages`
--
ALTER TABLE `user_messages`
  MODIFY `message_id` bigint(19) UNSIGNED NOT NULL AUTO_INCREMENT;

--
-- AUTO_INCREMENT для таблицы `user_notifications`
--
ALTER TABLE `user_notifications`
  MODIFY `notification_id` bigint(19) UNSIGNED NOT NULL AUTO_INCREMENT, AUTO_INCREMENT=8;

--
-- AUTO_INCREMENT для таблицы `user_products`
--
ALTER TABLE `user_products`
  MODIFY `user_product_id` bigint(19) UNSIGNED NOT NULL AUTO_INCREMENT;

--
-- AUTO_INCREMENT для таблицы `user_product_instruments`
--
ALTER TABLE `user_product_instruments`
  MODIFY `user_product_instrument_id` bigint(19) UNSIGNED NOT NULL AUTO_INCREMENT;

--
-- AUTO_INCREMENT для таблицы `user_requisites`
--
ALTER TABLE `user_requisites`
  MODIFY `requisite_id` bigint(19) UNSIGNED NOT NULL AUTO_INCREMENT;

--
-- AUTO_INCREMENT для таблицы `user_strategies`
--
ALTER TABLE `user_strategies`
  MODIFY `id` bigint(19) UNSIGNED NOT NULL AUTO_INCREMENT;

--
-- AUTO_INCREMENT для таблицы `user_transactions`
--
ALTER TABLE `user_transactions`
  MODIFY `transaction_id` bigint(19) UNSIGNED NOT NULL AUTO_INCREMENT;
COMMIT;

/*!40101 SET CHARACTER_SET_CLIENT=@OLD_CHARACTER_SET_CLIENT */;
/*!40101 SET CHARACTER_SET_RESULTS=@OLD_CHARACTER_SET_RESULTS */;
/*!40101 SET COLLATION_CONNECTION=@OLD_COLLATION_CONNECTION */;
